GROUP_NAME,HEADING_TITLE,TOTAL_TITLE,ACCOUNT_GROUP_PURPOSE,ACCOUNT_GROUP_MANAGER,NORMAL_BALANCE,MEMBER_TYPE,FILTER_DBCR,F_DEPARTMENT_TYPE,F_DEPARTMENT,F_LOCATION_TYPE,F_LOCATION,F_VENDOR_TYPE,F_CUSTOMER_TYPE,F_PROJECT_TYPE,F_EMPLOYEE_TYPE,F_ITEM_TYPE,F_CLASS_TYPE,F_TASK_TYPE,F_VENDOR,F_CUSTOMER,F_PROJECT,F_EMPLOYEE,F_ITEM,F_CLASS,F_TASK
990 IX Worksheet for Stmt of Functional Expenses,Total Functional Expenses,Total Functional Expenses,,,DB,C,BO,,,,,,,,,,,,,,,,,,
990IX Advertising and Promotion,Advertising and Promotion,Total Advertising and Promotion,,,DB,C,BO,,,,,,,,,,,,,,,,,,
990IX Benefits paid to or for Members,Benefits paid to or for Members,Total Benefits paid to or for Members,,,DB,C,BO,,,,,,,,,,,,,,,,,,
"990IX Compensation of Officers, Directors, Trustees","Compensation of Officers, Directors, Trustees","Total Compensation of Officers, Directors, Trustees",,,DB,C,BO,,,,,,,,,,,,,,,,,,
"990IX Conferences, Conventions, and Meetings","Conferences, Conventions, and Meetings","Total Conferences, Conventions, and Meetings",,,DB,C,BO,,,,,,,,,,,,,,,,,,
990IX Depreciation and Amortization,Depreciation and Amortization,Total Depreciation and Amortization,,,DB,C,BO,,,,,,,,,,,,,,,,,,
990IX Fees for Service,Fees for Service,Total Fees for Service,,,DB,C,BO,,,,,,,,,,,,,,,,,,
990IX Grants and Other Assistance,Grants and Other Assistance,Total Grants and Other Assistance,,,DB,C,BO,,,,,,,,,,,,,,,,,,
990IX Information Technologies,Information Technologies,Total Information Technologies,,,DB,G,BO,,,,,,,,,,,,,,,,,,
990IX Information Technology,Information Technology,Total Information Technology,,,DB,C,BO,,,,,,,,,,,,,,,,,,
990IX Insurance,Insurance,Total Insurance,,,DB,C,BO,,,,,,,,,,,,,,,,,,
990IX Interest,Interest,Total Interest,,,DB,C,BO,,,,,,,,,,,,,,,,,,
990IX IT,Information Technology,Total Information Technology,,,DB,G,BO,,,,,,,,,,,,,,,,,,
990IX Occupancy,Occupancy,Total Occupancy,,,DB,C,BO,,,,,,,,,,,,,,,,,,
990IX Office Expenses,Office Expenses,Total Office Expenses,,,DB,C,BO,,,,,,,,,,,,,,,,,,
990IX Other Employee Benefits,Other Employee Benefits,Total Other Employee Benefits,,,DB,C,BO,,,,,,,,,,,,,,,,,,
990IX Other Expenses,Other Expenses,Total Other Expenses,,,DB,C,BO,,,,,,,,,,,,,,,,,,
990IX Payments of Travel for Public Officials,Payments of Travel or Entertainment for Public Officials,Total Payments of Travel or Entertainment for Public Officials,,,DB,C,BO,,,,,,,,,,,,,,,,,,
990IX Payments to Affiliates,Payments to Affiliates,Total Payments to Affiliates,,,DB,C,BO,,,,,,,,,,,,,,,,,,
990IX Payroll Taxes,Payroll Taxes,Total Payroll Taxes,,,DB,C,BO,,,,,,,,,,,,,,,,,,
990IX Royalties,Royalties,Total Royalties,,,DB,C,BO,,,,,,,,,,,,,,,,,,
990IX Salaries and Wages,Salaries and Wages,Total Salaries and Wages,,,DB,C,BO,,,,,,,,,,,,,,,,,,
990IX Total Functional Expenses,Functional Expenses,Total Functional Expenses,,,DB,G,BO,,,,,,,,,,,,,,,,,,
990IX Travel,Travel,Total Travel,,,DB,C,BO,,,,,,,,,,,,,,,,,,
990VIII Cost of Goods Sold,Cost of Goods Sold,Total Cost of Goods Sold,,,DB,C,BO,,,,,,,,,,,,,,,,,,
990VIII Fundraising Events,Fundraising Events,Fundraising Events,,,CR,C,BO,,,,,,,,,,,,,,,,,,
990VIII Gain/Loss on Sales of Fixed Assets,Gain/Loss on Sales of Fixed Assets,Total Gain/Loss on Sales of Fixed Assets,,,CR,C,BO,,,,,,,,,,,,,,,,,,
990VIII Government Grants,Government Grants,Total Government Grants,,,CR,C,BO,,,,,,,,,,,,,,,,,,
990VIII Gross Income from Gaming Activities,Gross Income from Gaming Activities,Gross Income from Gaming Activities,,,CR,C,BO,,,,,,,,,,,,,,,,,,
990VIII Gross Sales of Inventory,Gross Sales of Inventory,Total Gross Sales of Inventory,,,CR,C,BO,,,,,,,,,,,,,,,,,,
990VIII Income from Investment of Tax Exempt Bond Proceeds,Income from Investment of Tax Exempt Bond Proceeds,Total Income from Investment of Tax Exempt Bond Proceeds,,,CR,C,BO,,,,,,,,,,,,,,,,,,
990VIII Investment Income,Investment Income,Total Investment Income,,,CR,C,BO,,,,,,,,,,,,,,,,,,
990VIII Membership Dues,Membership Dues,Total Membership Dues,,,CR,C,BO,,,,,,,,,,,,,,,,,,
990VIII Miscellaneous Revenue,Miscellaneous Revenue,Total Miscellaneous Revenue,,,CR,C,BO,,,,,,,,,,,,,,,,,,
"990VIII Other Contributions, Gifts, Grants, and Similar","Other Contributions, Gifts, Grants, and Similar","Total Other Contributions, Gifts, Grants, and Similar",,,CR,C,BO,,,,,,,,,,,,,,,,,,
990VIII Other Revenue,Other Revenue,Total Other Revenue,,,CR,G,BO,,,,,,,,,,,,,,,,,,
990VIII Program Service Revenue,Program Service Revenue,Total Program Service Revenue,,,CR,C,BO,,,,,,,,,,,,,,,,,,
990VIII Rental Income,Rental Income,Total Rental Income,,,CR,C,BO,,,,,,,,,,,,,,,,,,
990VIII Royalties,Royalties,Total Royalties,,,CR,C,BO,,,,,,,,,,,,,,,,,,
990VIII Sales of Assets Other Than Inventory,Sales of Assets Other Than Inventory,Total Sales of Assets Other Than Inventory,,,CR,C,BO,,,,,,,,,,,,,,,,,,
"990VIII Total Contributions, Gifts, Grants, and Other Similar Amounts","Contributions, Gifts, Grants, and Other Similar Amounts","Total Total Contributions, Gifts, Grants, and Other Similar Amounts",,,CR,G,BO,,,,,,,,,,,,,,,,,,
990VIII Total Revenue,Revenue,Total Revenue,,,CR,G,BO,,,,,,,,,,,,,,,,,,
990VIII_Federated Campaigns,Federated Campaigns,Total Federated Campaigns,,,CR,C,BO,,,,,,,,,,,,,,,,,,
990VIII_Fundraising Direct Expenses,Fundraising Direct Expenses,Total Fundraising Direct Expenses,,,DB,C,BO,,,,,,,,,,,,,,,,,,
990VIII_Fundraising Event Contributions,Fundraising Events,Total Fundraising Events,,,CR,C,BO,,,,,,,,,,,,,,,,,,
990VIII_Gaming direct expenses,Gaming direct expenses,Total Gaming direct expenses,,,DB,C,BO,,,,,,,,,,,,,,,,,,
990VIII_Gross Sales of Inventory less Returns,Gross Sales of Inventory less Returns,Total Gross Sales of Inventory less Returns,,,CR,G,BO,,,,,,,,,,,,,,,,,,
990VIII_Net Income or Loss from Fundraising Events,Net Income or Loss from Fundraising Events,Total Net Income or Loss from Fundraising Events,,,CR,G,BO,,,,,,,,,,,,,,,,,,
990VIII_Net Income or Loss from Gaming Activities,Net Income or Loss from Gaming Activities,Total Net Income or Loss from Gaming Activities,,,CR,G,BO,,,,,,,,,,,,,,,,,,
990VIII_Net Income or Loss from Sales of Inventory,Net Income or Loss from Sales of Inventory,Total Net Income or Loss from Sales of Inventory,,,CR,G,BO,,,,,,,,,,,,,,,,,,
990VIII_Noncash Contributions,Noncash Contributions,Total Noncash Contributions,,,CR,C,BO,,,,,,,,,,,,,,,,,,
990VIII_Related Organization Contributions,Related Organizations,Total Related Organizations,,,CR,C,BO,,,,,,,,,,,,,,,,,,
990VIII_Sales Returns and Discounts,Sales Returns and Discounts,Total Sales Returns and Discounts,,,DB,C,BO,,,,,,,,,,,,,,,,,,
AC Allocation,AC Allocation,Total AC Allocation,Dashboard,,CR,S,BO,A,,A,,A,A,A,A,A,A,A,,,,,,,
"Account Receivable, Net of Allowance","Accounts Receivable, Net","Total Accounts Receivable, Net",,,DB,G,BO,,,,,,,,,,,,,,,,,,
Accounts Payable,Accounts Payable,Total Accounts Payable,,,CR,C,BO,,,,,,,,,,,,,,,,,,
Accounts Receivable,Accounts Receivable,Total Accounts Receivable,,,DB,C,BO,,,,,,,,,,,,,,,,,,
Accrued Liabilities,Accrued Liabilities,Total Accrued Liabilities,,,CR,C,BO,,,,,,,,,,,,,,,,,,
Accrued Taxes,Accrued Taxes,Total Accrued Taxes,,,CR,C,BO,,,,,,,,,,,,,,,,,,
Accumulated Amortization,Amortization,Total Amortization,,,CR,C,BO,,,,,,,,,,,,,,,,,,
Accumulated Depreciation,Accumulated Depreciation,Total Accumulated Depreciation,,,CR,C,BO,,,,,,,,,,,,,,,,,,
Advertising and Promotion Expense,Advertising and Promotion,Total Advertising and Promotion,,,DB,C,BO,,,,,,,,,,,,,,,,,,
Allocated Indirect Costs,Allocated Indirect Costs,Total Allocated Indirect Costs,,,DB,C,BO,,,,,,,,,,,,,,,,,,
Allowance for Doubtful Accounts,Allowance for Doubtful Accounts,Total Allowance for Doubtful Accounts,,,CR,C,BO,,,,,,,,,,,,,,,,,,
AmeriCorps Compensation,AmeriCorps Compensation,Total AmeriCorps Compensation,,,DB,A,BO,A,,A,,A,A,A,A,A,A,A,,,,,,,
Amortization Expense,Amortization,Total Amortization,,,DB,C,BO,,,,,,,,,,,,,,,,,,
Assets,Assets,Total Assets,,,DB,G,BO,,,,,,,,,,,,,,,,,,
Average Expense by month,Average Expense by month,Total Average Expense by month,KPI,,DB,COMP,BO,A,,A,,A,A,A,A,A,A,A,,,,,,,
Avg Encounters per Clinician,Avg Encounters per Clinician,Total Avg Encounters per Clinician,,,DB,COMP,BO,,,,,,,,,,,,,,,,,,
Avg Revenue per Patient,Avg Revenue per Patient,Total Avg Revenue per Patient,,,DB,COMP,BO,,,,,,,,,,,,,,,,,,
Avg Revenue per Resident,Avg Revenue per Resident,Total Avg Revenue per Resident,,,DB,COMP,BO,,,,,,,,,,,,,,,,,,
Bad Debt Expense,Bad Debt Expenses,Total Bad Debt Expenses,,,DB,C,BO,,,,,,,,,,,,,,,,,,
Beds Available,Beds Available,Total Beds Available,,,DB,SC,BO,,,,,,,,,,,,,,,,,,
Beds Occupied,Beds Occupied,Total Beds Occupied,,,DB,SC,BO,,,,,,,,,,,,,,,,,,
Benefit Expense,Benefits,Total Benefits,,,DB,C,BO,,,,,,,,,,,,,,,,,,
Bond Liabilities,Bond Liabilities,Total Bond Liabilities,,,CR,C,BO,,,,,,,,,,,,,,,,,,
Bonus Expense,Bonus,Total Bonus,,,DB,C,BO,,,,,,,,,,,,,,,,,,
Burn Rate,Burn Rate,Burn Rate,KPI,,DB,COMP,BO,A,,A,,A,A,A,A,A,A,A,,,,,,,
Business Licenses and Permits Expense,Business Licenses and Permits,Total Business Licenses and Permits,,,DB,C,BO,,,,,,,,,,,,,,,,,,
Capital Lease Obligation - Current,Capital Lease Obligation,Total Capital Lease Obligation,,,CR,C,BO,,,,,,,,,,,,,,,,,,
Capital Leases - Long Term,Capital Leases,Total Capital Leases,,,CR,C,BO,,,,,,,,,,,,,,,,,,
Cash and Cash Equivalents,Cash and Cash Equivalents,Total Cash and Cash Equivalents,,,DB,C,BO,,,,,,,,,,,,,,,,,,
Cash and ST Investments,Cash and Short-term Investments,Total Cash and Short-term Investments,,,DB,C,BO,,,,,,,,,,,,,,,,,,
Cash Paid to Tax Authorities,Cash Paid to Tax Authorities,Total Cash Paid to Tax Authorities,,,DB,C,BO,,,,,,,,,,,,,,,,,,
Cash Ratio,Cash Ratio,Total Cash Ratio,KPI,,DB,COMP,BO,A,,A,,A,A,A,A,A,A,A,,,,,,,
CF Supplemental data noncash activities,Supplemental data noncash activities,Total Supplemental data noncash activities,,,CR,G,BO,,,,,,,,,,,,,,,,,,
CF_Adjustment for Noncash Contributions,Adjustment for Noncash Contributions,Total Adjustment for Noncash Contributions,,,DB,COMP,BO,,,,,,,,,,,,,,,,,,
CF_Cash flows from financing activities,Cash flows from financing activities,Net cash used by financing activities,,,CR,G,BO,,,,,,,,,,,,,,,,,,
CF_Cash flows from investing activities,Cash flows from investing activities,Net cash used by investing activities,,,CR,G,BO,,,,,,,,,,,,,,,,,,
CF_Cash flows from operating activities,Cash flows from operating activities,Cash flows from operating activities,,,CR,G,BO,,,,,,,,,,,,,,,,,,
"CF_Cash, Beginning Period","Cash, Beginning Period","Total Cash, Beginning Period",,,DB,C,BO,,,,,,,,,,,,,,,,,,
"CF_Cash, End of Period","Cash, End of Period","Total Cash, End of Period",,,DB,C,BO,,,,,,,,,,,,,,,,,,
CF_Changes in Capital Expenditures,Capital Expenditures,Total Capital Expenditures,,,CR,C,BO,,,,,,,,,,,,,,,,,,
CF_Changes in Cash from Operating Activities,Change in Cash from Operating Activities,Net cash used by Operating Activities,,,CR,G,BO,,,,,,,,,,,,,,,,,,
CF_Changes in Debt Proceeds,Debt Proceeds,Total Debt Proceeds,,,CR,C,BO,,,,,,,,,,,,,,,,,,
CF_Changes In Deferred Tax Assets,Deferred Tax Assets,Total Deferred Tax Assets,,,CR,C,BO,,,,,,,,,,,,,,,,,,
CF_Changes To Accounts Payable,Accounts Payable,Total Accounts Payable,,,CR,C,BO,,,,,,,,,,,,,,,,,,
CF_Changes To Accounts Receivable,Accounts Receivable,Total Accounts Receivable,,,CR,C,BO,,,,,,,,,,,,,,,,,,
CF_Changes To Accrued Expenses,Accrued Expenses,Total Accrued Expenses,,,CR,C,BO,,,,,,,,,,,,,,,,,,
CF_Changes To Amortization,Amortization,Total Amortization,,,CR,C,BO,,,,,,,,,,,,,,,,,,
CF_Changes To Deferred Revenue,Deferred Revenue,Total Deferred Revenue,,,CR,C,BO,,,,,,,,,,,,,,,,,,
CF_Changes To Depreciation,Depreciation,Total Depreciation,,,CR,C,BO,,,,,,,,,,,,,,,,,,
CF_Changes To Grants Receivable,Grants Receivable,Total Grants Receivable,,,CR,C,BO,,,,,,,,,,,,,,,,,,
CF_Changes to Intercompany,Intercompany,Total Intercompany,,,CR,G,BO,,,,,,,,,,,,,,,,,,
CF_Changes to Intercompany Payable,Intercompany Payable,Total Intercompany Payable,,,CR,C,BO,,,,,,,,,,,,,,,,,,
CF_Changes to Intercompany Receivable,Intercompany Receivable,Total Intercompany Receivable,,,CR,C,BO,,,,,,,,,,,,,,,,,,
CF_Changes To Inventory,Inventory,Total Inventory,,,CR,C,BO,,,,,,,,,,,,,,,,,,
CF_Changes To Other Assets,Other Assets,Total Other Assets,,,CR,C,BO,,,,,,,,,,,,,,,,,,
CF_Changes To Other Liabilities,Other Liabilities,Total Other Liabilities,,,CR,C,BO,,,,,,,,,,,,,,,,,,
CF_Changes To Prepaid Expenses,Prepaid Expenses,Total Prepaid Expenses,,,CR,C,BO,,,,,,,,,,,,,,,,,,
CF_Changes To Taxes Payable,Taxes Payable,Total Taxes Payable,,,CR,C,BO,,,,,,,,,,,,,,,,,,
CF_Contributions in Kind,Contributions in Kind,Total Contributions in Kind,,,CR,C,BO,,,,,,,,,,,,,,,,,,
CF_Increase (Decrease) in Cash,Increase (Decrease) in Cash,Total Increase (Decrease) in Cash,,,CR,G,BO,,,,,,,,,,,,,,,,,,
CF_Investment in Subsidiary,Investment in Subsidiary,Total Investment in Subsidiary,,,CR,C,BO,,,,,,,,,,,,,,,,,,
CF_Net sales (purchases) of ST investments,Net sales (purchases) of ST investments,Net sales (purchases) of ST investments,,,CR,C,BO,,,,,,,,,,,,,,,,,,
CF_Payments on Notes Payable,Payments on Notes Payable,Total Payments on Notes Payable,,,CR,C,BO,,,,,,,,,,,,,,,,,,
CF_Purchase of long term investments and other assets,Purchase of long term investments and other assets,Total Purchase of long term investments and other assets,,,CR,C,BO,,,,,,,,,,,,,,,,,,
Change In Net Assets,Change In Net Assets,Change In Net Assets,,,CR,G,BO,,,,,,,,,,,,,,,,,,
Changes in Net Assets,Total Changes in Net Assets,Total Changes in Net Assets,,,CR,G,BO,,,,,,,,,,,,,,,,,,
Charitable Contributions Expense,Charitable Contributions,Total Charitable Contributions,,,DB,C,BO,,,,,,,,,,,,,,,,,,
Claim Remittance Denail Rate,Claim Remittance Denail Rate,Total Claim Remittance Denail Rate,,,DB,COMP,BO,,,,,,,,,,,,,,,,,,
Claims Denied,Claims Denied,Total Claims Denied,,,DB,SC,BO,,,,,,,,,,,,,,,,,,
Claims Remitted,Claims Remitted,Total Claims Remitted,,,DB,SC,BO,,,,,,,,,,,,,,,,,,
Clinician to Total Headcount Ratio,Clinician to Total Headcount Ratio,Total Clinician to Total Headcount Ratio,,,DB,COMP,BO,,,,,,,,,,,,,,,,,,
Clinicians,Clinicians,Total Clinicians,,,DB,SC,BO,,,,,,,,,,,,,,,,,,
Commission Expense,Commissions,Total Commissions,,,DB,C,BO,,,,,,,,,,,,,,,,,,
Compensation Expense,"Compensation of Officers, Directors and Trustees","Total Compensation of Officers, Directors and Trustees",,,DB,C,BO,,,,,,,,,,,,,,,,,,
"Conferences, Conventions, and Meetings","Conferences, Conventions, and Meetings","Total Conferences, Conventions, and Meetings",,,DB,C,BO,,,,,,,,,,,,,,,,,,
Contributions,Contributions,Total Contributions,,,CR,C,BO,A,,A,,A,A,A,A,A,A,A,,,,,,,
Contributions all,Contributions,Total Contributions,,,CR,G,BO,A,,A,,A,A,A,A,A,A,A,,,,,,,
Contributions In Kind,Contributions In Kind,Total Contributions In Kind,,,CR,C,BO,,,,,,,,,,,,,,,,,,
Copying and Printing Expense,Copying and Printing,Total Copying and Printing,,,DB,C,BO,,,,,,,,,,,,,,,,,,
Cost per City,Cost per City,Total,,,DB,S,BO,A,,A,,A,A,A,A,A,A,A,,,,,,,
Cost per City (Net of AC),Net Costs per City,Total Net Costs,,,DB,S,BO,A,,A,,A,A,A,A,A,A,A,,,,,,,
Cost per Pupil,Cost per Pupil,Total Cost per Pupil,,,DB,COMP,BO,A,,A,,A,A,A,A,A,A,A,,,,,,,
Cost per Pupil (Direct Costs),Direct Costs,Total Direct Costs,,,DB,G,BO,T,D108,T,CPP_Locations,A,A,A,A,A,A,A,,,,,,,
Cost per pupil (Indirect costs),Indirect Costs,Total Indirect costs,,,DB,A,BO,T,D108,A,,A,A,A,A,A,A,A,,,,,,,
Cost per Pupil (Total Indirect),Indirect costs,Total Indirect Costs,,,DB,S,BO,A,,A,,A,A,A,A,A,A,A,,,,,,,
Cost per Pupil - Indirect Cost Rates by Dept.,Indirect Cost Rates by Dept.,Indirect Cost Rates by Dept.,,,DB,S,BO,A,,A,,A,A,A,A,A,A,A,,,,,,,
Cost Structure (% Direct Costs),Cost Structure (% Direct Costs),Total Cost Structure (% Direct Costs),,,DB,COMP,BO,A,,A,,A,A,A,A,A,A,A,,,,,,,
Costs - % Funded with AC,Costs - % Funded with AC,Total Costs - % Funded with AC,KPI,,DB,COMP,BO,A,,H,CPP_Locations,A,A,A,A,A,A,A,,,,,,,
"Costs - % Funded with Earned Rev,",Costs - % Funded with Earned Rev.,Cost - % Funded with Earned Rev.,KPI,,DB,COMP,BO,A,,A,,A,A,A,A,A,A,A,,,,,,,
Costs - Indirect Rate by Location,Costs - Indirect Rate by Location,Total Costs - Indirect Rate by Location,,,DB,S,BO,A,,A,,A,A,A,A,A,A,A,,,,,,,
Costs - Indirect Rate Location Budget,Indirect Rate Location Budget,Indirect Rate Location Budget,,,DB,S,BO,A,,A,,A,A,A,A,A,A,A,,,,,,,
CPP_Funding Composition by City,Funding Composition by City,Total Funding Composition by City,,,CR,G,BO,A,,A,,A,A,A,A,A,A,A,,,,,,,
Credit Card and Other Service Expense,Credit Card and Other Service Charges,Total Credit Card and Other Service Charges,,,DB,C,BO,,,,,,,,,,,,,,,,,,
Current Assets,Current Assets,Total Current Assets,,,DB,G,BO,,,,,,,,,,,,,,,,,,
Current Ratio,Current Ratio,Total Current Ratio,KPI,,DB,COMP,BO,A,,A,,A,A,A,A,A,A,A,,,,,,,
Custodial Liabilities,Custodial Liabilities,Total Custodial Liabilities,,,CR,C,BO,,,,,,,,,,,,,,,,,,
Dashboard - Net Assets,Dashboard - Net Assets,Dashboard - Net Assets,Dashboard,,CR,G,BO,A,,A,,A,A,A,A,A,A,A,,,,,,,
Dashboard- Cash,Dashboard- Cash,Dashboard- Cash,Dashboard,,DB,A,BO,A,,A,,A,A,A,A,A,A,A,,,,,,,
Days in Month,Days in Month,Days in Month,,,DB,SC,BO,,,,,,,,,,,,,,,,,,
Days Sales Outstanding (Fed AC),Days Sales Outstanding (Fed AC),Total Days Sales Outstanding (Fed AC),KPI,,DB,COMP,BO,A,,A,,A,A,A,A,A,A,A,,,,,,,
DCF_Accounts Receivable,Accounts Receivable,Total Accounts Receivable,,,DB,C,BO,,,,,,,,,,,,,,,,,,
DCF_Cash flows from financing activities,Cash flows from financing activities,Net cash used by financing activities,,,DB,G,BO,,,,,,,,,,,,,,,,,,
DCF_Cash flows from investing activities,Cash flows from investing activities,Net cash used by investing activities,,,CR,G,BO,,,,,,,,,,,,,,,,,,
DCF_Cash flows from operating,Cash flows from operating activities,Total Cash flows from operating activities,,,CR,G,BO,,,,,,,,,,,,,,,,,,
DCF_Cash paid to employees suppliers,Cash paid to employees suppliers,Total Cash paid to employees suppliers,,,DB,G,BO,,,,,,,,,,,,,,,,,,
DCF_Cash received from contributions,Cash received from contributions,Total Cash received from contributions,,,CR,G,BO,,,,,,,,,,,,,,,,,,
DCF_Cash received from grants,Cash received from grants,Total Cash received from grants,,,CR,G,BO,,,,,,,,,,,,,,,,,,
DCF_Cash received from investments,Cash received from investments,Total Cash received from investments,,,CR,C,BO,,,,,,,,,,,,,,,,,,
DCF_Cash received from services,Cash received from services,Total Cash received from services,,,CR,G,BO,,,,,,,,,,,,,,,,,,
DCF_Changes in Capital Expenditures,Capital Expenditures,Total Capital Expenditures,,,CR,C,BO,,,,,,,,,,,,,,,,,,
DCF_Changes in Debt Proceeds,Debt Proceeds,Total Debt Proceeds,,,CR,C,BO,,,,,,,,,,,,,,,,,,
DCF_Changes to Accounts Payable,Accounts Payable,Total Accounts Payable,,,CR,C,BO,,,,,,,,,,,,,,,,,,
DCF_Changes to Intercompany,Intercompany,Total Intercompany,,,CR,G,BO,,,,,,,,,,,,,,,,,,
DCF_Changes to Intercompany Payable,Intercompany Payable,Total Intercompany Payable,,,CR,C,BO,,,,,,,,,,,,,,,,,,
DCF_Changes to Intercompany Receivable,Intercompany Receivable,Total Intercompany Receivable,,,CR,C,BO,,,,,,,,,,,,,,,,,,
DCF_Changes To Prepaid Expense,Prepaid Expenses,Total Prepaid Expenses,,,CR,C,BO,,,,,,,,,,,,,,,,,,
DCF_Contributions,Contributions,Total Contributions,,,CR,C,BO,,,,,,,,,,,,,,,,,,
DCF_Depreciation,Depreciation,Total Depreciation,,,CR,C,BO,,,,,,,,,,,,,,,,,,
DCF_Expenditures,Expenditures,Total Expenditures,,,DB,G,BO,,,,,,,,,,,,,,,,,,
DCF_Gaming Activities,Cash received from gaming activities,Total Cash received from gaming activities,,,CR,C,BO,,,,,,,,,,,,,,,,,,
DCF_General and Administrative,General and Administrative Expenses,Total General and Administrative Expenses,,,DB,G,BO,,,,,,,,,,,,,,,,,,
DCF_Grant Revenues,Grant Revenues,Total Grant Revenues,,,CR,C,BO,,,,,,,,,,,,,,,,,,
DCF_Grants Receivable,Grants Receivable,Total Grants Receivable,,,DB,C,BO,,,,,,,,,,,,,,,,,,
DCF_Increase or Decrease in Cash,Increase or Decrease in Cash,Total Increase or Decrease in Cash,,,CR,G,BO,,,,,,,,,,,,,,,,,,
DCF_Investment in Subsidiary,Investment in Subsidiary,Total Investment in Subsidiary,,,CR,C,BO,,,,,,,,,,,,,,,,,,
DCF_Miscellaneous receipts,Miscellaneous receipts,Total Miscellaneous receipts,,,CR,G,BO,,,,,,,,,,,,,,,,,,
DCF_Net sales (purchases) of ST investments,Net sales (purchases) of ST investments,Net sales (purchases) of ST investments,,,CR,C,BO,,,,,,,,,,,,,,,,,,
DCF_Occupancy,Occupancy,Total Occupancy,,,DB,C,BO,,,,,,,,,,,,,,,,,,
DCF_Other Liabilities,Other Liabilities,Total Other Liabilities,,,CR,C,BO,,,,,,,,,,,,,,,,,,
DCF_Other Revenue,Other Revenue,Total Other Revenue,,,CR,C,BO,,,,,,,,,,,,,,,,,,
DCF_Payments to Affiliates,Payments to Affiliates,Total Payments to Affiliates,,,DB,C,BO,,,,,,,,,,,,,,,,,,
DCF_Personnel,Personnel,Total Personnel,,,DB,G,BO,,,,,,,,,,,,,,,,,,
DCF_PR Benefits,PR Benefits,Total PR Benefits,,,DB,C,BO,,,,,,,,,,,,,,,,,,
DCF_PR Taxes,PR Taxes,Total PR Taxes,,,DB,C,BO,,,,,,,,,,,,,,,,,,
DCF_Professional Fees,Professional Fees,Total Professional Fees,,,DB,C,BO,,,,,,,,,,,,,,,,,,
DCF_Program Expenses,Program Expenses,Total Program Expenses,,,DB,C,BO,,,,,,,,,,,,,,,,,,
DCF_Purchase of long term investments and other assets,Purchase of long term investments and other assets,Total Purchase of long term investments and other assets,,,CR,C,BO,,,,,,,,,,,,,,,,,,
DCF_Revenue - Investments,Revenue - Investments,Total Revenue - Investments,,,CR,C,BO,,,,,,,,,,,,,,,,,,
DCF_Royalties Expense,Royalties Expense,Total Royalties Expense,,,DB,C,BO,,,,,,,,,,,,,,,,,,
DCF_Salary and Wages Expense,Salary and Wages Expense,Total Salary and Wages Expense,,,DB,C,BO,,,,,,,,,,,,,,,,,,
DCF_Supplemental data noncash,Supplemental data noncash activities,Total Supplemental data noncash activities,,,CR,G,BO,,,,,,,,,,,,,,,,,,
DCF_Tax Liabilities,Tax Liabilities,Total Tax Liabilities,,,CR,C,BO,,,,,,,,,,,,,,,,,,
Debt Ratio,Debt Ratio,Total Debt Ratio,KPI,,DB,COMP,BO,A,,A,,A,A,A,A,A,A,A,,,,,,,
Debt Service Expense,Debt Service,Total Debt Service,,,DB,C,BO,,,,,,,,,,,,,,,,,,
Debts - Current,Short Term Debts,Total Short Term Debts,,,CR,C,BO,,,,,,,,,,,,,,,,,,
Debts - Long Term,Long Term Debts,Total Long Term Debts,,,CR,C,BO,,,,,,,,,,,,,,,,,,
Deferred Revenue,Deferred Revenue,Total Deferred Revenue,,,CR,C,BO,,,,,,,,,,,,,,,,,,
Deferred Revenue - Long Term,Deferred Revenue,Total Deferred Revenue,,,CR,C,BO,,,,,,,,,,,,,,,,,,
Deferred Tax Assets - Current,Deferred Tax Assets,Total Deferred Tax Assets,,,DB,C,BO,,,,,,,,,,,,,,,,,,
Deferred Tax Assets - Long Term,Deferred Tax Assets,Total Deferred Tax Assets,,,DB,C,BO,,,,,,,,,,,,,,,,,,
Deferred Tax Liabilities - Long Term,Deferred Tax Liabilities,Total Deferred Tax Liabilities,,,CR,C,BO,,,,,,,,,,,,,,,,,,
Deposits and Prepayments,Deposits and Prepayments,Total Deposits and Prepayments,,,DB,C,BO,,,,,,,,,,,,,,,,,,
Depreciation Expense,Depreciation,Total Depreciation,,,DB,C,BO,,,,,,,,,,,,,,,,,,
Direct Costs by City,Direct Costs by City,Total Direct Costs,,,DB,G,BO,A,,T,CPP_Locations,A,A,A,A,A,A,A,,,,,,,
Direct Expenses,Direct,Total Direct,,,DB,C,BO,,,,,,,,,,,,,,,,,,
Due and Subscriptions Expense,Due and Subscriptions,Total Due and Subscriptions,,,DB,C,BO,,,,,,,,,,,,,,,,,,
Earned Income %,Earned Income %,Earned Income %,KPI,,DB,COMP,BO,A,,A,,A,A,A,A,A,A,A,,,,,,,
Employee Advances / Loans,Employee Advances / Loans,Total Employee Advances / Loans,,,DB,C,BO,,,,,,,,,,,,,,,,,,
Employee Headcount,Employee Headcount,Total Employee Headcount,,,DB,SC,BO,,,,,,,,,,,,,,,,,,
Encounters,Encounters,Total Encounters,,,DB,SC,BO,,,,,,,,,,,,,,,,,,
Equipment Rental Expense,Equipment Rental,Total Equipment Rental,,,DB,C,BO,,,,,,,,,,,,,,,,,,
Escrows and Reserves,Escrows and Reserves,Total Escrows and Reserves,,,DB,C,BO,,,,,,,,,,,,,,,,,,
Expenditures,Expenditures,Total Expenditures,,,DB,G,BO,,,,,,,,,,,,,,,,,,
Facility Expense,Facilities,Total Facilities,,,DB,C,BO,,,,,,,,,,,,,,,,,,
Fed AR Divided by Fed Revenue,Fed AR Divided by Fed Revenue,Total Fed AR Divided by Fed Revenue,KPI,,DB,COMP,BO,A,,A,,A,A,A,A,A,A,A,,,,,,,
Federal,Federal,Total Federal,,,CR,A,BO,A,,A,,A,A,A,A,A,A,A,,,,,,,
Federal Tax,Federal Tax,Total Federal Tax,,,DB,C,BO,,,,,,,,,,,,,,,,,,
Federated Campaign Contribution Expense,Federated Campaign Contribution Expense,Total Federated Campaign Contribution Expense,,,DB,C,BO,,,,,,,,,,,,,,,,,,
Federated Campaign Contributions,Federated Campaigns,Total Federated Campaigns,,,CR,C,BO,,,,,,,,,,,,,,,,,,
Fellow (% of total),Fellow (% of total),Fellow (% of total),,,DB,S,BO,A,,A,,A,A,A,A,A,A,A,,,,,,,
Fellow Count,Fellow Count,Total Fellow Count,,,DB,S,BO,A,,A,,A,A,A,A,A,A,A,,,,,,,
Finance Charges Expense,Finance Charges,Total Finance Charges,,,DB,C,BO,,,,,,,,,,,,,,,,,,
Foreign Currency Exchange Gain / Loss,Foreign Currency Exchange Gain / Loss,Total Foreign Currency Exchange Gain / Loss,,,CR,C,BO,,,,,,,,,,,,,,,,,,
Foreign Tax,Foreign Taxes,Total Foreign Taxes,,,DB,C,BO,,,,,,,,,,,,,,,,,,
Fringe,Fringe,Total Fringe,,,DB,C,BO,,,,,,,,,,,,,,,,,,
Funding by Category,Funding by Category,Total Funding,,,DB,G,BO,A,,A,,A,A,A,A,A,A,A,,,,,,,
Funding Composition,Funding Composition,Total Funding Composition,,,CR,A,BO,A,,A,,A,A,A,A,A,A,A,,,,,,,
Fundraising Events Revenue,Fundraising Events Revenue,Total Fundraising Events Revenue,,,CR,C,BO,,,,,,,,,,,,,,,,,,
Fundraising Fees,Fundraising Fees,Total Fundraising Fees,,,DB,C,BO,,,,,,,,,,,,,,,,,,
Gain / Loss on Sales of Fixed Assets,Gain / Loss on Sales of Fixed Assets,Total Gain / Loss on Sales of Fixed Assets,,,CR,C,BO,,,,,,,,,,,,,,,,,,
Gaming Expense,Gaming Expense,Total Gaming Expense,,,DB,C,BO,,,,,,,,,,,,,,,,,,
Gaming Income,Gaming Income,Total Gaming Income,,,CR,C,BO,,,,,,,,,,,,,,,,,,
General and Administrative,General and Administrative Expenses,Total General and Administrative Expenses,,,DB,G,BO,,,,,,,,,,,,,,,,,,
Goodwill,Goodwill,Total Goodwill,,,DB,C,BO,,,,,,,,,,,,,,,,,,
Government Grants,Government Grants,Total Government Grants,,,CR,C,BO,,,,,,,,,,,,,,,,,,
Grant Revenue,Grant Revenue - Other,Total Grant Revenue - Other,,,CR,C,BO,,,,,,,,,,,,,,,,,,
Grant Revenue - Governmental,Grant Revenue - Governmental,Total Grant Revenue - Governmental,,,CR,C,BO,,,,,,,,,,,,,,,,,,
Grant Revenues,Grant Revenues,Total Grant Revenues,,,CR,G,BO,,,,,,,,,,,,,,,,,,
Grants and Philanthropy,Grants and Philanthropy,Total Grants and Philanthropy,,,CR,A,BO,A,,A,,A,A,A,A,A,A,A,,,,,,,
Grants Awarded Expense,Grants Awarded Expense,Total Grants Awarded Expense,,,DB,C,BO,,,,,,,,,,,,,,,,,,
Grants Receivable,Grants Receivable,Total Grants Receivable,,,DB,C,BO,,,,,,,,,,,,,,,,,,
"Gross land, buildings, and equipment","Gross land, buildings, and equipment","Total Gross land, buildings, and equipment",,,DB,C,BO,,,,,,,,,,,,,,,,,,
GS Membership dues,Membership dues,Total Membership dues,,,CR,C,BO,,,,,,,,,,,,,,,,,,
Held Funds,Held Funds,Total Held Funds,SOA,,CR,A,BO,A,,A,,A,T,A,A,A,A,A,,,,,,,
Held Funds - Statistical Acc,Held Funds - Statistical Acc,Held Funds - Statistical Acc,,,DB,S,BO,A,,A,,A,A,A,A,A,A,A,,,,,,,
Income Tax Payable,Income Tax Payable,Total Income Tax Payable,,,CR,C,BO,,,,,,,,,,,,,,,,,,
Indirect Cost by Fellow (NY),Indirect Cost by Fellow (NY),Total Indirect Cost by Fellow (NY),,,DB,COMP,BO,T,CPP IC by Fellow,T,L103,A,A,A,A,A,A,A,,,,,,,
Indirect Cost Rates - Widespread,Indirect Cost Rates - Widespread,Indirect Cost Rates - Widespread,KPI,,DB,S,BO,A,,A,,A,A,A,A,A,A,A,,,,,,,
Indirect Costs by City,Indirect Costs by City,Total Indirect Costs by City,,,DB,S,BO,A,,A,,A,A,A,A,A,A,A,,,,,,,
Indirect Costs by Fellow (CHA),Indirect Costs by Fellow (CHA),Total Indirect Costs by Fellow (CHA),,,DB,COMP,BO,T,CPP IC by Fellow,T,L103,A,A,A,A,A,A,A,,,,,,,
Indirect Costs by Fellow (CHI),Indirect Costs by Fellow (CHI),Total Indirect Costs by Fellow (CHI),,,DB,COMP,BO,T,CPP IC by Fellow,T,L103,A,A,A,A,A,A,A,,,,,,,
Indirect Costs by Fellow (DC),Indirect Costs by Fellow (DC),Total Indirect Costs by Fellow (DC),,,DB,COMP,BO,T,CPP IC by Fellow,T,L103,A,A,A,A,A,A,A,,,,,,,
Indirect Costs by Fellow (PVD),Indirect Costs by Fellow (PVD),Total Indirect Costs by Fellow (PVD),,,DB,COMP,BO,T,CPP IC by Fellow,T,L103,A,A,A,A,A,A,A,,,,,,,
Individual Donation,Individual Donation,Total Individual Donation,,,CR,A,BO,A,,A,,A,A,A,A,A,A,A,,,,,,,
Insurance Expense,Insurance,Total Insurance,,,DB,C,BO,,,,,,,,,,,,,,,,,,
Intangible Assets,Intangible Assets,Total Intangible Assets,,,DB,C,BO,,,,,,,,,,,,,,,,,,
"Intangible Assets, Net of Amortization","Intangible Assets, Net","Total Intangible Assets, Net",,,DB,G,BO,,,,,,,,,,,,,,,,,,
Intercompany Payable,Intercompany Payable,Total Intercompany Payable,,,CR,C,BO,,,,,,,,,,,,,,,,,,
Intercompany Receivable,Intercompany Receivable,Total Intercompany Receivable,,,DB,C,BO,,,,,,,,,,,,,,,,,,
Interest Expense,Interest Expenses,Total Interest Expenses,,,CR,C,BO,,,,,,,,,,,,,,,,,,
Interfund Due from,Interfund Due from,Total Interfund Due from,,,DB,C,BO,,,,,,,,,,,,,,,,,,
Interfund Due to,Interfund Due to,Total Interfund Due to,,,CR,C,BO,,,,,,,,,,,,,,,,,,
Interfund Transfers,Interfund Transfers,Total Interfund Transfers,,,DB,C,BO,,,,,,,,,,,,,,,,,,
INV_Disclosure,Investment Disclosure,Total Investment Disclosure,,,CR,G,BO,,,,,,,,,,,,,,,,,,
INV_Dividends Income,Dividends Income,Total Dividends Income,,,CR,C,BO,,,,,,,,,,,,,,,,,,
INV_Interest and Dividends,Interest and Dividends,Total Interest and Dividends,,,CR,G,BO,,,,,,,,,,,,,,,,,,
INV_Interest Revenue,Interest Revenue,Total Interest Revenue,,,CR,C,BO,,,,,,,,,,,,,,,,,,
INV_Investment Fees,Investment Fees,Total Investment Fees,,,DB,C,BO,,,,,,,,,,,,,,,,,,
INV_Realized Gain Loss,Realized Gain Loss,Total Realized Gain Loss,,,CR,C,BO,,,,,,,,,,,,,,,,,,
INV_Unrealized Gain Loss,Unrealized Gain Loss,Total Unrealized Gain Loss,,,CR,C,BO,,,,,,,,,,,,,,,,,,
Inventory,Inventory,Total Inventory,,,DB,C,BO,,,,,,,,,,,,,,,,,,
Investment Fees,Investment Fees,Total Investment Fees,,,DB,C,BO,,,,,,,,,,,,,,,,,,
Investment in Subsidiary,Investment in Subsidiary,Total Investment in Subsidiary,,,DB,C,BO,,,,,,,,,,,,,,,,,,
Investment Income,Investment Income,Total Investment Income,,,CR,C,BO,,,,,,,,,,,,,,,,,,
Investment Income all,Investment Income,Total Investment Income all,,,CR,C,BO,,,,,,,,,,,,,,,,,,
Investment Income of Tax Exempt Bond Proceeds,Investment Income of Tax Exempt Bond Proceeds,Total Investment Income of Tax Exempt Bond Proceeds,,,CR,C,BO,,,,,,,,,,,,,,,,,,
Investments,Investments,Total Investments,,,DB,G,BO,,,,,,,,,,,,,,,,,,
Investments ST,ST Investments,Total ST Investments,,,DB,A,BO,A,,A,,A,A,A,A,A,A,A,,,,,,,
KPI_# Months Cash on Hand,# Months Cash on Hand,Total Months Cash on Hand,,,DB,COMP,BO,A,,A,,A,A,A,A,A,A,A,,,,,,,
KPI_Average Assets,Average Assets,Average Assets,,,DB,COMP,BO,A,,A,,A,A,A,A,A,A,A,,,,,,,
KPI_Average Monthly Spend,Average Monthly Spend,Average Monthly Spend,,,DB,COMP,BO,A,,A,,A,A,A,A,A,A,A,,,,,,,
KPI_Beginning Assets,KPI_Beginning Assets,Total KPI_Beginning Assets,,,DB,A,BO,A,,A,,A,A,A,A,A,A,A,,,,,,,
KPI_Ending Assets,Ending Assets,Total Ending Assets,,,DB,G,BO,A,,A,,A,A,A,A,A,A,A,,,,,,,
KPI_Excess Operating Cash,Excess Operating Cash,Total Excess Operating Cash,,,DB,COMP,BO,A,,A,,A,A,A,A,A,A,A,,,,,,,
KPI_Medical Participation Rates,Medical Participation Rates,Medical Participation Rates,KPI,,DB,A,BO,A,,A,,A,A,A,A,A,A,A,,,,,,,
KPI_Return on Assets,Return on Assets,Return on Assets,,,DB,COMP,BO,A,,A,,A,A,A,A,A,A,A,,,,,,,
KPI_Sum of Beg. & Ending Assets,Sum of Beg. & Ending Assets,Sum of Beg. & Ending Assets,,,DB,COMP,BO,A,,A,,A,A,A,A,A,A,A,,,,,,,
KPI_Widespread ROI,Widespread ROI,Widespread ROI,KPI,,DB,S,BO,A,,A,,A,A,A,A,A,A,A,,,,,,,
Liabilities and net assets,Liabilities and Net Assets DO NOT USE,Total Liabilities and Net Assets,,,CR,G,BO,A,,A,,A,A,A,A,A,A,A,,,,,,,
Liabilities and Net Assets,Liabilities and Net Assets DO NOT USE,Total Liabilities and Net Assets,,,CR,G,BO,A,,A,,A,A,A,A,A,A,A,,,,,,,
Liabilities and Net Assets - Final,Liabilities and Net Assets,Total Liabilities and Net Assets,,,CR,G,BO,A,,A,,A,A,A,A,A,A,A,,,,,,,
Liabilities and Net Assets 958,Liabilities and Net Assets DO NOT USE,Total Liabilities and Net Assets,,,CR,G,BO,A,,A,,A,A,A,A,A,A,A,,,,,,,
LIQ_Financial Assets,Financial Assets,Total Financial Assets,,,DB,G,BO,,,,,,,,,,,,,,,,,,
LIQ_Financial Assets Available,Financial Assets Available,Total Financial Assets Available,,,DB,G,BO,,,,,,,,,,,,,,,,,,
LIQ_Less Amts Not Available,Less Amounts Not Available,Total Less Amounts Not Available,,,CR,G,BO,,,,,,,,,,,,,,,,,,
LIQ_Satisfaction of Restrictions,Satisfaction of Restrictions,Total Satisfaction of Restrictions,,,CR,G,BO,,,,,,,,,,,,,,,,,,
Loan Payable - Current,Loans Payable - Current,Total Loans Payable - Current,,,CR,C,BO,,,,,,,,,,,,,,,,,,
Loans - Long Term,Loans Payable - Long Term,Total Loans Payable - Long Term,,,CR,C,BO,,,,,,,,,,,,,,,,,,
Loans Receivable,Loans Receivable,Total Loans Receivable,,,DB,C,BO,,,,,,,,,,,,,,,,,,
Long Term Investments,Long Term Investments,Total Long Term Investments,,,DB,C,BO,,,,,,,,,,,,,,,,,,
Long Term Liabilities,Long Term Liabilities,Total Long Term Liabilities,,,CR,G,BO,,,,,,,,,,,,,,,,,,
Long-term Assets,Long-term Assets,Total Long-term Assets,,,DB,G,BO,,,,,,,,,,,,,,,,,,
Meal and Entertainment Expense,Meals and Entertainment,Total Meals and Entertainment,,,DB,C,BO,,,,,,,,,,,,,,,,,,
Member Benefit Expense,Member Benefit Expense,Total Member Benefit Expense,,,DB,C,BO,,,,,,,,,,,,,,,,,,
Member Fees,Member Fees,Total Member Fees,,,CR,C,BO,,,,,,,,,,,,,,,,,,
Membership Dues,Membership Dues,Total Membership Dues,,,CR,C,BO,,,,,,,,,,,,,,,,,,
Miscellaneous Expense,Miscellaneous Expense,Total Miscellaneous Expense,,,DB,C,BO,,,,,,,,,,,,,,,,,,
Month Count,Month Count,Total Months,,,DB,S,BO,A,,A,,A,A,A,A,A,A,A,,,,,,,
Mortgage Loans - Long Term,Mortgage Loans,Total Mortgage Loans,,,CR,C,BO,,,,,,,,,,,,,,,,,,
Need to delete1,Need to delete1,Total Need to delete1,,,DB,C,BO,,,,,,,,,,,,,,,,,,
Net Assets,Net Assets,Total Net Assets,,,CR,G,BO,,,,,,,,,,,,,,,,,,
Net Assets - Beginning,'+ Net Assets - Beginning,Net Assets - Beginning,,,CR,C,BO,,,,,,,,,,,,,,,,,,
Net Assets - Ending,Net Assets - Ending,Net Assets - Ending,,,CR,G,BO,,,,,,,,,,,,,,,,,,
Net Assets 2,Net Assets 2,Total Net Assets 2,,,CR,G,BO,A,,A,,A,A,A,A,A,A,A,,,,,,,
Net Assets Test,Net Assets Test,Total Net Assets Test,,,CR,G,BO,A,,A,,A,A,A,A,A,A,A,,,,,,,
Net Assets-R,Net Assets,Total Net Assets,,,CR,C,BO,,,,,,,,,,,,,,,,,,
Net Assets_958,Net Assets,Total Net Assets,,,CR,G,BO,,,,,,,,,,,,,,,,,,
Net Assets_Board Designated,Board Designated Funds,Total Board Designated Funds,,,CR,G,BO,,,,,,,,,,,,,,,,,,
Net Assets_Not Specified,Value Not Specified,Total Value Not Specified,,,CR,G,BO,,,,,,,,,,,,,,,,,,
Net Assets_Perm,Permanently Restricted,Total Permanently Restricted,,,CR,G,BO,,,,,,,,,,,,,,,,,,
Net Assets_Temp,Temporarily Restricted,Total Temporarily Restricted,,,CR,G,BO,,,,,,,,,,,,,,,,,,
Net Assets_Unrestrict,Unrestricted,Total Unrestricted,,,CR,G,BO,,,,,,,,,,,,,,,,,,
Net Assets_With Donor Restrictions,With Donor Restrictions,Total With Donor Restrictions,,,CR,G,BO,A,,A,,A,A,A,A,A,A,A,,,,,,,
Net Assets_Without Donor Restrictions,Without Donor Restrictions,Total Without Donor Restrictions,,,CR,G,BO,A,,A,,A,A,A,A,A,A,A,,,,,,,
Net Surplus (Deficit),Net Surplus (Deficit),Total Net Surplus (Deficit),,,CR,G,BO,,,,,,,,,,,,,,,,,,
Non-Liquid NA,Non-Liquid NA,Total Non-Liquid NA,,,DB,G,BO,,,,,,,,,,,,,,,,,,
Note Payable - Current,Notes Payable - Current Portion,Total Notes Payable - Current Portion,,,CR,C,BO,,,,,,,,,,,,,,,,,,
Note Payable - Long Term,Notes Payable - Long Term,Total Long Term Notes Payable,,,CR,C,BO,,,,,,,,,,,,,,,,,,
Notes Receivable,Notes Receivable,Total Notes Receivable,,,DB,C,BO,,,,,,,,,,,,,,,,,,
Occupancy,Occupancy,Total Occupancy,,,DB,C,BO,,,,,,,,,,,,,,,,,,
Occupancy Expense,Occupancy,Total Occupancy,,,DB,C,BO,,,,,,,,,,,,,,,,,,
OE- Program Budget to Actuals,Operating Expense,Total Operating Expense,SOA,,DB,G,BO,A,,A,,A,A,A,A,A,A,A,,,,,,,
Office Supplies Expense,Office Supplies,Total Office Supplies,,,DB,C,BO,,,,,,,,,,,,,,,,,,
Operating Cash,Operating Cash,Total Operating Cash,,,DB,A,BO,A,,A,,A,A,A,A,A,A,A,,,,,,,
Operating Expense,Operating Expenses,Total Operating Expenses,,,DB,G,BO,,,,,,,,,,,,,,,,,,
Operating-Revenue,Operating-Revenue,Total Operating-Revenue,,,CR,A,BO,A,,A,,A,A,A,A,A,A,A,,,,,,,
Operating_Revenue,Operating Revenue,Total Operating Revenue,,,CR,G,BO,,,,,,,,,,,,,,,,,,
Other Current Assets,Other Current Assets,Total Other Current Assets,,,DB,C,BO,,,,,,,,,,,,,,,,,,
Other Current Assets Group,Other Current Assets,Total Other Current Assets,,,DB,G,BO,,,,,,,,,,,,,,,,,,
Other Expenses,Other Expenses,Total Other Expenses,,,DB,C,BO,,,,,,,,,,,,,,,,,,
Other Grants and Contributions,Other Grants and Contributions,Total Other Grants and Contributions,,,CR,C,BO,,,,,,,,,,,,,,,,,,
Other Liabilities,Other Liabilities,Total Other Liabilities,,,CR,G,BO,,,,,,,,,,,,,,,,,,
Other Long Term Assets,Other Assets,Total Other Assets,,,DB,C,BO,,,,,,,,,,,,,,,,,,
Other Long Term Liabilities,Other Liabilities,Total Other Liabilities,,,CR,C,BO,,,,,,,,,,,,,,,,,,
Other Long-term Assets,Other Long-term Assets,Total Other Long-term Assets,,,DB,G,BO,,,,,,,,,,,,,,,,,,
Other Long-term Liabilities,Other Long-term Liabilities,Total Other Long-term Liabilities,,,CR,G,BO,,,,,,,,,,,,,,,,,,
Other Revenue all,Other Revenue,Total Other Revenue,,,CR,C,BO,,,,,,,,,,,,,,,,,,
Other Short-term Liabilities,Short-term Liabilities,Total Short-term Liabilities,,,CR,C,BO,,,,,,,,,,,,,,,,,,
Other Short-term Liabilities - Group,Other Short-term Liabilities,Total Other Short-term Liabilities,,,CR,G,BO,,,,,,,,,,,,,,,,,,
Patents and Trademarks,Patents and Trademarks,Total Patents and Trademarks,,,DB,C,BO,,,,,,,,,,,,,,,,,,
Patient to Clinician Ratio,Patient to Clinician Ratio,Total Patient to Clinician Ratio,,,DB,COMP,BO,,,,,,,,,,,,,,,,,,
Patients,Patients,Total Patients,,,DB,SC,BO,,,,,,,,,,,,,,,,,,
Payments to Affiliates,Payments to Affiliates,Total Payments to Affiliates,,,DB,C,BO,,,,,,,,,,,,,,,,,,
Payroll and Related Expense,Payroll and Related Expenses,Total Payroll and Related Expense,,,DB,G,BO,,,,,,,,,,,,,,,,,,
Payroll Expense,Payroll Expenses,Total Payroll Expenses,,,DB,C,BO,,,,,,,,,,,,,,,,,,
Payroll Taxes,Payroll Taxes,Total Payroll Taxes,,,DB,C,BO,,,,,,,,,,,,,,,,,,
Payroll to Operating Expense,Payroll to Operating Expense,Total Payroll to Operating Expense,KPI,,DB,COMP,BO,A,,A,,A,A,A,A,A,A,A,,,,,,,
Personnel,Personnel,Total Personnel,,,DB,G,BO,,,,,,,,,,,,,,,,,,
Pledges Receivable,Pledges Receivable,Total Pledges Receivable,,,DB,C,BO,,,,,,,,,,,,,,,,,,
Postage and Delivery Expense,Postage and Delivery,Total Postage and Delivery,,,DB,C,BO,,,,,,,,,,,,,,,,,,
PR Benefits,PR Benefits,Total PR Benefits,,,DB,C,BO,,,,,,,,,,,,,,,,,,
PR Taxes,PR Taxes,Total PR Taxes,,,DB,C,BO,,,,,,,,,,,,,,,,,,
Practice Operating Margin,Practice Operating Margin,Total Practice Operating Margin,,,DB,COMP,BO,,,,,,,,,,,,,,,,,,
Prepaid Expenses,Prepaid Expenses,Total Prepaid Expenses,,,DB,C,BO,,,,,,,,,,,,,,,,,,
Printing & Publications,Printing and Publications,Total Printing and Publications,,,DB,C,BO,,,,,,,,,,,,,,,,,,
Professional Fees,Professional Fees,Total Professional Fees,,,DB,C,BO,,,,,,,,,,,,,,,,,,
Program CHA- ROI,Charleston,Total Program CHA- ROI,,,DB,COMP,BO,T,D108,T,L106,A,A,A,A,A,A,A,,,,,,,
Program CHI - ROI,Chicago,Total Program CHI - ROI,,,DB,COMP,BO,T,D108,T,L102,A,A,A,A,A,A,A,,,,,,,
Program DC -ROI,Washington DC,Total Program DC -ROI,,,DB,COMP,BO,H,D108,H,L105,A,A,A,A,A,A,A,,,,,,,
Program NYC- ROI,New York City,Total Program NYC- ROI,,,DB,COMP,BO,T,D108,T,L104,A,A,A,A,A,A,A,,,,,,,
Program Revenue,Program Revenue,Total Program Revenue,,,CR,C,BO,,,,,,,,,,,,,,,,,,
Program Service Income,Program Service Income,Total Program Service Income,,,CR,A,BO,A,,A,,A,A,A,A,A,A,A,,,,,,,
Program Service Revenue all,Program Service Revenue,Total Program Service Revenue,,,CR,G,BO,,,,,,,,,,,,,,,,,,
Program Support & Supplies,Program Support & Supplies,Total Program Support & Supplies,,,DB,A,BO,A,,A,,A,A,A,A,A,A,A,,,,,,,
Projected Net Surplus (Loss),Projected Net Surplus (Loss),Total Projected Net Surplus (Loss),KPI,,DB,COMP,BO,A,,A,,A,A,A,A,A,A,A,,,,,,,
"Property & Equipment, Net",Property & Equipment,Total Property & Equipment,,,DB,C,BO,,,,,,,,,,,,,,,,,,
RBN_Passage of Time Restrictions,Passage of Time Restrictions,Total Passage of Time Restrictions,,,CR,G,BO,,,,,,,,,,,,,,,,,,
RBN_Specific Purpose Restrictions,Specific Purpose Restrictions,Total Specific Purpose Restrictions,,,CR,G,BO,,,,,,,,,,,,,,,,,,
Rental Income,Rental Income,Total Rental Income,,,CR,C,BO,,,,,,,,,,,,,,,,,,
Repairs and Maintenance Expense,Repairs and Maintenance,Total Repairs and Maintenance,,,DB,C,BO,,,,,,,,,,,,,,,,,,
Residents,Residents,Total Residents,,,DB,SC,BO,,,,,,,,,,,,,,,,,,
Revenue - Investments,Investment Earnings,Total Investment Earnings,,,CR,C,BO,,,,,,,,,,,,,,,,,,
Revenue - Other,Revenue - Other,Total Revenue - Other,,,CR,C,BO,,,,,,,,,,,,,,,,,,
Revenue - Sales,Revenue - Sales,Total Revenue - Sales,,,CR,C,BO,,,,,,,,,,,,,,,,,,
Revenue - Services,Revenue - Services,Total Revenue - Services,,,CR,C,BO,,,,,,,,,,,,,,,,,,
Revenue - Subscriptions,Revenue - Subscriptions,Total Revenue - Subscriptions,,,CR,C,BO,,,,,,,,,,,,,,,,,,
Revenue - Supports,Revenue - Supports,Total Revenue - Supports,,,CR,C,BO,,,,,,,,,,,,,,,,,,
Revenue per Bed Occupied,Revenue per Bed Occupied,Total Revenue per Bed Occupied,,,DB,COMP,BO,,,,,,,,,,,,,,,,,,
Revenue per Clinician,Revenue per Clinician,Total Revenue per Clinician,,,DB,COMP,BO,,,,,,,,,,,,,,,,,,
Revenue per Occupied Unit,Revenue per Occupied Unit,Total Revenue per Occupied Unit,,,DB,COMP,BO,,,,,,,,,,,,,,,,,,
Revenues,Revenues,Total Revenues,,,CR,G,BO,,,,,,,,,,,,,,,,,,
Revenues & Expenditures,Revenues & Expenditures,Total Revenues & Expenditures,,,CR,G,BO,,,,,,,,,,,,,,,,,,
Revenues over Expenditures,Revenues over Expenditures,Total Revenues over Expenditures,,,CR,G,BO,,,,,,,,,,,,,,,,,,
Revenues Released,Revenues Released,Total Revenues Released,,,CR,C,BO,,,,,,,,,,,,,,,,,,
ROA,ROA,Total ROA,KPI,,DB,COMP,BO,A,,A,,A,A,A,A,A,A,A,,,,,,,
Royalties Expense,Royalties Expense,Total Royalties Expense,,,DB,C,BO,,,,,,,,,,,,,,,,,,
Royalties Income,Royalties Income,Total Royalties Income,,,CR,C,BO,,,,,,,,,,,,,,,,,,
SAGA-Liabilities and Net Assets,Liabilities and Net Assets,Total Liabilities and Net Assets,,,CR,G,BO,A,,A,,A,A,A,A,A,A,A,,,,,,,
SAGA-Net Assets,Net Assets,Total Net Assets,SOFP,,CR,G,BO,A,,A,,A,A,A,A,A,A,A,,,,,,,
SAGA-Net Assets-Board Designated,Board Designated,Total Board Designated,SOFP,,CR,C,BO,A,,A,,A,A,A,A,A,T,A,,,,,,3,
SAGA-Net Assets-Restricted,Net Assets with Donor Restrictions,Total Net Assets with Donor Restrictions,SOFP,,CR,C,BO,A,,A,,A,A,A,A,A,H,A,,,,,,2,
SAGA-Net Assets-Unrestricted,Net Assets without Donor Restrictions,Total Net Assets without Donor Restrictions,SOFP,,CR,C,BO,A,,A,,A,A,A,A,A,T,A,,,,,,1,
Salary and Wages Expense,Salary and Wages,Total Salary and Wages,,,DB,C,BO,,,,,,,,,,,,,,,,,,
Sales & Used Tax Payable,Sales & Used Tax Payable,Total Sales & Used Tax Payable,,,CR,C,BO,,,,,,,,,,,,,,,,,,
Sales Returns and Discounts,Sales Returns and Discounts,Total Sales Returns and Discounts,,,DB,C,BO,,,,,,,,,,,,,,,,,,
Satisfaction of Restrictions,Satisfaction of Restrictions,Total Satisfaction of Restrictions,,,CR,C,BO,,,,,,,,,,,,,,,,,,
Short Term Investments,Short Term Investments,Total Short Term Investments,,,DB,C,BO,,,,,,,,,,,,,,,,,,
Short-term Liabilities,Short-term Liabilities,Total Short-term Liabilities,,,CR,G,BO,,,,,,,,,,,,,,,,,,
SOA- CHA ROI,Charleston,Total SOA- CHA ROI,,,DB,COMP,BO,T,D108,T,L106,A,A,A,A,A,A,A,,,,,,,
SOA- CHI ROI,Chicago,Total SOA- CHI ROI,,,DB,COMP,BO,T,D108,T,L102,A,A,A,A,A,A,A,,,,,,,
SOA- DC ROI,Washington DC,Total SOA- DC ROI,,,DB,COMP,BO,H,D108,H,L105,A,A,A,A,A,A,A,,,,,,,
SOA- NYC ROI,New York City,Total SOA- NYC ROI,,,DB,COMP,BO,T,D108,T,L104,A,A,A,A,A,A,A,,,,,,,
SOA-FellowSD- AmeriCorps FICA & Benefits,AmeriCorps FICA & Benefits,Total AmeriCorps FICA & Benefits,SOA,,DB,A,BO,A,,A,,A,A,A,A,A,A,A,,,,,,,
SOA-FellowSD-AmeriCorps Fellow Stipends,AmeriCorps Fellow Stipends,Total AmeriCorps Fellow Stipends,SOA,,DB,A,BO,A,,A,,A,A,A,A,A,A,A,,,,,,,
SOA-OE- Fellow Stipends and Benefits,Fellow Stipends and Benefits,Total Fellow Stipends and Benefits,SOA,,DB,G,BO,A,,A,,A,A,A,A,A,A,A,,,,,,,
SOA-OE- Payroll and Related,Payroll and Related,Total Payroll and Related,SOA,,DB,G,BO,A,,A,,A,A,A,A,A,A,A,,,,,,,
SOA-OE-Consultant and Contracted Services,Consultants and Contracted Services,Total Consultants and Contracted Services,SOA,,DB,A,BO,A,,A,,A,A,A,A,A,A,A,,,,,,,
SOA-OE-Digital Marketing & Advertising,Digital Marketing & Advertising,Total Digital Marketing & Advertising,SOA,,DB,A,BO,A,,A,,A,A,A,A,A,A,A,,,,,,,
SOA-OE-Indirect OH,Indirect OH,Total Indirect OH,SOA,,DB,A,BO,A,,A,,A,A,A,A,A,A,A,,,,,,,
"SOA-OE-Insurance, Bank, and Filing Fees","Insurance, Bank, and Filing Fees","Total Insurance, Bank, and Filing Fees",SOA,,DB,A,BO,A,,A,,A,A,A,A,A,A,A,,,,,,,
SOA-OE-Other Expense,Other Expenses,Total Other Expenses,SOA,,DB,G,BO,A,,A,,A,A,A,A,A,A,A,,,,,,,
SOA-OE-Other Expenses,Other Expenses,Total Other Expenses,SOA,,DB,A,BO,A,,A,,A,A,A,A,A,A,A,,,,,,,
SOA-OE-Payroll Fees and Background Checks,Payroll Fees and Background Checks,Total Payroll Fees and Background Checks,SOA,,DB,A,BO,A,,A,,A,A,A,A,A,A,A,,,,,,,
SOA-OE-Program Support and Supplies,Program Support and Supplies,Total Program Support and Supplies,SOA,,DB,A,BO,A,,A,,A,A,A,A,A,A,A,,,,,,,
"SOA-OE-Rent, Internet, and Utilities","Rent, Internet, and Utilities","Total Rent, Internet, and Utilities",SOA,,DB,A,BO,A,,A,,A,A,A,A,A,A,A,,,,,,,
"SOA-OE-Software, Subscriptions, and Hosting","Software, Subscriptions, and Hosting","Total Software, Subscriptions, and Hosting",SOA,,DB,A,BO,A,,A,,A,A,A,A,A,A,A,,,,,,,
SOA-OE-Travel,Travel,Total Travel,SOA,,DB,A,BO,A,,A,,A,A,A,A,A,A,A,,,,,,,
SOA-Operating Exp- Academics,SOA-Operating Exp- Academics,Total SOA-Operating Exp- Academics,SOA,,DB,G,BO,A,,A,,A,A,A,A,A,A,A,,,,,,,
SOA-Operating Expenses,Operating Expenses,Total Operating Expenses,SOA,,DB,G,BO,A,,A,,A,A,A,A,A,A,A,,,,,,,
SOA-Operating Expenses - CHA,Charleston,Total SOA-Operating Expenses - CHA,SOA,,DB,G,BO,H,D108,H,L106,A,A,A,A,A,A,A,,,,,,,
SOA-Operating Expenses - CHI,Chicago,Total SOA-Operating Expenses - CHI,SOA,,DB,G,BO,H,D108,H,L102,A,A,A,A,A,A,A,,,,,,,
SOA-Operating Expenses - DC,Washington DC,Total SOA-Operating Expenses - DC,SOA,,DB,G,BO,H,D108,H,L105,A,A,A,A,A,A,A,,,,,,,
SOA-Operating Expenses - NAT,Program National,Total SOA-Operating Expenses - NAT,SOA,,DB,G,BO,H,D108,H,L103,A,A,A,A,A,A,A,,,,,,,
SOA-Operating Expenses - NYC,New York City,Total SOA-Operating Expenses - NYC,SOA,,DB,G,BO,H,D108,H,L104,A,A,A,A,A,A,A,,,,,,,
SOA-PR-Payroll Taxes and Fringe Benefits,Payroll Taxes and Fringe Benefits,Total Payroll Taxes and Fringe Benefits,SOA,,DB,A,BO,A,,A,,A,A,A,A,A,A,A,,,,,,,
SOA-PR-Salaries and Wages,Salaries and Wages,Total Salaries and Wages,SOA,,DB,A,BO,A,,A,,A,A,A,A,A,A,A,,,,,,,
SOA-Unrestricted Operating Revenue,Unrestricted Operating Revenue,Total Unrestricted Operating Revenue,SOA,,CR,G,BO,A,,A,,A,A,A,A,A,A,A,,,,,,,
SOA-UOR-Federal Grants,Federal Grants,Total Federal Grants,SOA,,CR,A,BO,A,,A,,A,A,A,A,A,A,A,,,,,,,
SOA-UOR-Grants and Contributions,Grants and Contributions,Total Grants and Contributions,SOA,,CR,A,BO,A,,A,,A,A,A,A,A,A,A,,,,,,,
SOA-UOR-Individual Giving,Individual Giving,Total Individual Giving,SOA,,CR,A,BO,A,,A,,A,A,A,A,A,A,A,,,,,,,
SOA-UOR-Interest and Other,Interest and Other,Total Interest and Other,SOA,,CR,A,BO,A,,A,,A,A,A,A,A,A,A,,,,,,,
SOA-UOR-Net Assets Released from Restriction,Net Assets Released from Restriction,Total Net Assets Released from Restriction,SOA,,CR,A,BO,A,,A,,A,A,A,A,A,A,A,,,,,,,
SOA-UOR-Program and Service Income,Program & Service Income,Total Program & Service Income,SOA,,CR,A,BO,A,,A,,A,A,A,A,A,A,A,,,,,,,
SOA-UOR-Unrestricted Operating Revenue,Unrestricted Operating Revenue,Total Unrestricted Operating Revenue,SOA,,CR,G,BO,A,,A,,A,A,A,A,A,A,A,,,,,,,
SOFP-Assets,Assets,Total Assets,SOFP,,DB,G,BO,A,,A,,A,A,A,A,A,A,A,,,,,,,
SOFP-CA-Cash and Cash Equivalents,Cash and Cash Equivalents,Total Cash and Cash Equivalents,SOFP,,DB,A,BO,A,,A,,A,A,A,A,A,A,A,,,,,,,
SOFP-CA-Funds Held for Others,Funds Held for Others,Total Funds Held for Others,SOFP,,DB,A,BO,A,,A,,A,A,A,A,A,A,A,,,,,,,
SOFP-CA-Grants and Contributions Receivables,Grants and Contributions Receivables,Total Grants and Contributions Receivables,SOFP,,DB,A,BO,A,,A,,A,A,A,A,A,A,A,,,,,,,
SOFP-CA-Investments,Investments,Total Investments,SOFP,,DB,A,BO,A,,A,,A,A,A,A,A,A,A,,,,,,,
SOFP-CA-Prepaid Expenses and Other Current Assets,Prepaid Expenses and Other Current Assets,Total Prepaid Expenses and Other Current Assets,SOFP,,DB,A,BO,A,,A,,A,A,A,A,A,A,A,,,,,,,
SOFP-CL-Accounts Payable and Accrued Expenses,Accounts Payable and Accrued Expenses,Total Accounts Payable and Accrued Expenses,SOFP,,CR,A,BO,A,,A,,A,A,A,A,A,A,A,,,,,,,
SOFP-CL-Accrued Wage and Other Related Expenses,Accrued Wage and Other Related Expenses,Total Accrued Wage and Other Related Expenses,SOFP,,CR,A,BO,A,,A,,A,A,A,A,A,A,A,,,,,,,
SOFP-CL-Funds Held for Others,Funds Held for Others,Total Funds Held for Others,SOFP,,CR,A,BO,A,,A,,A,A,A,A,A,A,A,,,,,,,
SOFP-Current Assets,Current Assets,Total Current Assets,SOFP,,DB,G,BO,A,,A,,A,A,A,A,A,A,A,,,,,,,
SOFP-Current Liabilities,Current Liabilities,Total Current Liabilities,SOFP,,CR,G,BO,A,,A,,A,A,A,A,A,A,A,,,,,,,
SOFP-Liabilities,Liabilities,Total Liabilities,SOFP,,CR,G,BO,A,,A,,A,A,A,A,A,A,A,,,,,,,
SOFP-Long-Term Assets,Long-Term Assets,Total Long-Term Assets,SOFP,,DB,G,BO,A,,A,,A,A,A,A,A,A,A,,,,,,,
SOFP-Long-Term Liabilities,Long-Term Liabilities,Total Long-Term Liabilities,SOFP,,CR,G,BO,A,,A,,A,A,A,A,A,A,A,,,,,,,
SOFP-LTA-Long-term Grants Receivable,Long-term Grants Receivable,Total Long-term Grants Receivable,SOFP,,DB,A,BO,A,,A,,A,A,A,A,A,A,A,,,,,,,
"SOFP-LTA-Property and Equipment, Net of Accumulated Depreciation","Property and Equipment, Net of Accumulated Depreciation","Total Property and Equipment, Net of Accumulated Depreciation",SOFP,,DB,A,BO,A,,A,,A,A,A,A,A,A,A,,,,,,,
SOFP-LTA-Security Deposit,Security Deposit,Total Security Deposit,SOFP,,DB,A,BO,A,,A,,A,A,A,A,A,A,A,,,,,,,
"SOFP-LTL-Line of Credit, Loan","Line of Credit, Loan","Total Line of Credit, Loan",SOFP,,CR,A,BO,A,,A,,A,A,A,A,A,A,A,,,,,,,
SOFP-NA-Board Designated,Board Designated,Total Board Designated,SOFP,,CR,A,BO,A,,A,,A,A,A,A,A,A,A,,,,,,,
SOFP-NA-Net Assets,Net Assets,Total Net Assets,SOFP,,CR,A,BO,A,,A,,A,A,A,A,A,A,A,,,,,,,
Staff and Fellow payroll cost,Staff and Fellow payroll cost,Total Staff and Fellow payroll cost,KPI,,DB,COMP,BO,A,,A,,A,A,A,A,A,A,A,,,,,,,
Staff Compensation (Direct),Staff Compensation,Total Staff Compensation,,,DB,A,BO,A,,A,,A,A,A,A,A,A,A,,,,,,,
State and Local Tax,State and Local Taxes,Total State and Local Taxes,,,DB,C,BO,,,,,,,,,,,,,,,,,,
Student Count,Student Count,Total Student Count,,,DB,S,BO,A,,A,,A,A,A,A,A,A,A,,,,,,,
Taxes,Taxes,Total Taxes,,,DB,C,BO,,,,,,,,,,,,,,,,,,
Telecommunication Expense,Telecommunication,Total Telecommunication,,,DB,C,BO,,,,,,,,,,,,,,,,,,
Telephone,Telephone,Total Telephone,,,DB,C,BO,,,,,,,,,,,,,,,,,,
Total,,,,,DB,G,BO,,,,,,,,,,,,,,,,,,
Total revenue,Total revenue,Total Total revenue,,,CR,A,BO,A,,A,,A,A,A,A,A,A,A,,,,,,,
Travel Expense,Travel Expenses,Total Travel Expenses,,,DB,C,BO,,,,,,,,,,,,,,,,,,
Travel Expense for Public Officials,Travel Expense for Public Officials,Total Travel Expense for Public Officials,,,DB,C,BO,,,,,,,,,,,,,,,,,,
Trust and Endowment Revenue,Trust and Endowment Revenue,Total Trust and Endowment Revenue,,,CR,C,BO,,,,,,,,,,,,,,,,,,
Tuition Revenue,Tuition Revenue,Total Tuition Revenue,,,CR,C,BO,,,,,,,,,,,,,,,,,,
Units Available,Units Available,Total Units Available,,,DB,SC,BO,,,,,,,,,,,,,,,,,,
Units Occupied,Units Occupied,Total Units Occupied,,,DB,SC,BO,,,,,,,,,,,,,,,,,,
Unrestricted Liquid Net Assets,Unrestricted Liquid Net Assets,Total Unrestricted Liquid Net Assets,,,DB,COMP,BO,,,,,,,,,,,,,,,,,,
Unrestricted Net Assets,Unrestricted Net Assets,Total Unrestricted Net Assets,,,CR,G,BO,,,,,,,,,,,,,,,,,,
Utility Expense,Utilities,Total Utilities,,,DB,C,BO,,,,,,,,,,,,,,,,,,
Withholding Tax,Withholding Tax,Total Withholding Tax,,,DB,C,BO,,,,,,,,,,,,,,,,,,
Withholding Tax Payable,Withholding Tax Payable,Total Withholding Tax Payable,,,CR,C,BO,,,,,,,,,,,,,,,,,,
Working Capital,Working Capital,Total Working Capital,KPI,,DB,COMP,BO,A,,A,,A,A,A,A,A,A,A,,,,,,,
zz - CHA,zz - CHA,Total zz - CHA,KPI,,DB,COMP,BO,A,,T,L106,A,A,A,A,A,A,A,,,,,,,
zz - CHI,zz - CHI,Total zz - CHI,,,DB,COMP,BO,A,,T,L102,A,A,A,A,A,A,A,,,,,,,
zz - DC,zz - DC,Total zz - DC,,,DB,COMP,BO,A,,T,L105,A,A,A,A,A,A,A,,,,,,,
zz - NY,zz - NY,Total zz - NY,,,DB,COMP,BO,A,,T,L104,A,A,A,A,A,A,A,,,,,,,
zz - PVD,zz - PVD,Total zz - PVD,,,DB,COMP,BO,A,,T,L107,A,A,A,A,A,A,A,,,,,,,
