GROUP_NAME,CALC_AMOUNT,APPLY_BUDGET,MEMBERS,CATEGORY,LEFT_OPERAND_CONSTANT,LEFT_OPERAND_ACCOUNT_GROUP,LEFT_OPERAND_ACCOUNT,LEFT_OPERAND_CALC_AMT,OPERATOR,RIGHT_OPERAND_CONSTANT,RIGHT_OPERAND_ACCOUNT_GROUP,RIGHT_OPERAND_ACCOUNT,RIGHT_OPERAND_CALC_AMT,PRECISION,DISPLAY_AS,UNIT_OF_MEASURE,ALIGNMENT,,
990 IX Worksheet for Stmt of Functional Expenses,F,T,,"""Advertising and Promotion Expense"",""Allocated Indirect Costs"",""Amortization Expense"",""Bad Debt Expense"",""Benefit Expense"",""Bonus Expense"",""Business Licenses and Permits Expense"",""Charitable Contributions Expense"",""Commission Expense"",""Compensation of Officers, Directors and Trustees"",""Conferences, Conventions, and Meetings"",""Copying and Printing Expense"",""Credit Card and Other Service Expense"",""Debt Service Expense"",""Depreciation Expense"",""Dues and Subscriptions Expense"",""Equipment Rental Expense"",""Facility Expense"",""Federal Tax"",""Federated Campaign Contributions Expense"",""Finance Charges Expense"",""Foreign Tax"",""Fringe"",""Fundraising Fees"",""Gaming Expense"",""Grants Awarded Expense"",""Insurance Expense"",""Interest Expense"",""Investment Fees"",""Legal and Accounting Expense"",""Management Fees Expense"",""Meal and Entertainment Expense"",""Member Benefits Expense"",""Miscellaneous Expense"",""Occupancy"",""Office Supplies Expense"",""Other Expenses"",""Payments to Affiliates"",""Payroll Expense"",""Payroll Taxes"",""Postage and Delivery Expense"",""Printing and Publications Expense"",""Professional Services Expense"",""Program Expense"",""Rent Expense"",""Repairs and Maintenance Expense"",""Royalties Expense"",""Salary and Wage Expense"",""State and Local Tax"",""Taxes"",""Telecommunication Expense"",""Telephone"",""Travel Expense"",""Travel Expense for Public Officials"",""Utility Expense""",,,,,,,,,,,,,,,
990IX Advertising and Promotion,F,T,,"""Advertising and Promotion Expense""",,,,,,,,,,,,,,,
990IX Benefits paid to or for Members,F,T,,"""Member Benefits Expense""",,,,,,,,,,,,,,,
"990IX Compensation of Officers, Directors, Trustees",F,T,,"""Compensation of Officers, Directors and Trustees""",,,,,,,,,,,,,,,
"990IX Conferences, Conventions, and Meetings",F,T,,"""Conferences, Conventions, and Meetings""",,,,,,,,,,,,,,,
990IX Depreciation and Amortization,F,T,,"""Depreciation Expense"",""Amortization Expense""",,,,,,,,,,,,,,,
990IX Fees for Service,F,T,,"""Fundraising Fees"",""Investment Fees"",""Legal and Accounting Expense"",""Management Fees Expense"",""Professional Services Expense""",,,,,,,,,,,,,,,
990IX Grants and Other Assistance,F,T,,"""Grants Awarded Expense""",,,,,,,,,,,,,,,
990IX Information Technologies,F,T,,,,,,,,,,,,,,,,,
990IX Information Technology,F,T,,,,,,,,,,,,,,,,,
990IX Insurance,F,T,,"""Insurance Expense""",,,,,,,,,,,,,,,
990IX Interest,F,T,,"""Interest Expense"",""Credit Card and Other Service Expense"",""Debt Service Expense""",,,,,,,,,,,,,,,
990IX IT,F,T,"""990IX Information Technologies"",""990IX Information Technology""",,,,,,,,,,,,,,,,
990IX Occupancy,F,T,,"""Rent Expense"",""Utility Expense"",""Occupancy"",""Facility Expense""",,,,,,,,,,,,,,,
990IX Office Expenses,F,T,,"""Office Supplies Expense"",""Program Expense"",""Telecommunication Expense"",""Telephone"",""Printing and Publications Expense"",""Postage and Delivery Expense"",""Repairs and Maintenance Expense"",""Copying and Printing Expense""",,,,,,,,,,,,,,,
990IX Other Employee Benefits,F,T,,"""Fringe"",""Benefit Expense""",,,,,,,,,,,,,,,
990IX Other Expenses,F,T,,"""Other Expenses"",""Bad Debt Expense"",""Dues and Subscriptions Expense"",""Business Licenses and Permits Expense"",""Equipment Rental Expense"",""Miscellaneous Expense"",""Meal and Entertainment Expense"",""Taxes"",""Allocated Indirect Costs"",""Charitable Contributions Expense"",""Federated Campaign Contributions Expense"",""Finance Charges Expense"",""Foreign Tax"",""Gaming Expense""",,,,,,,,,,,,,,,
990IX Payments of Travel for Public Officials,F,T,,"""Travel Expense for Public Officials""",,,,,,,,,,,,,,,
990IX Payments to Affiliates,F,T,,"""Payments to Affiliates""",,,,,,,,,,,,,,,
990IX Payroll Taxes,F,T,,"""Payroll Taxes"",""Federal Tax"",""State and Local Tax""",,,,,,,,,,,,,,,
990IX Royalties,F,T,,"""Royalties Expense""",,,,,,,,,,,,,,,
990IX Salaries and Wages,F,T,,"""Bonus Expense"",""Commission Expense"",""Payroll Expense"",""Salary and Wage Expense""",,,,,,,,,,,,,,,
990IX Total Functional Expenses,F,T,"""990IX Grants and Other Assistance"",""990IX Benefits paid to or for Members"",""990IX Compensation of Officers, Directors, Trustees"",""990IX Salaries and Wages"",""990IX Other Employee Benefits"",""990IX Payroll Taxes"",""990IX Fees for Service"",""990IX Advertising and Promotion"",""990IX Office Expenses"",""990IX IT"",""990IX Royalties"",""990IX Occupancy"",""990IX Travel"",""990IX Payments of Travel for Public Officials"",""990IX Conferences, Conventions, and Meetings"",""990IX Interest"",""990IX Payments to Affiliates"",""990IX Depreciation and Amortization"",""990IX Insurance"",""990IX Other Expenses""",,,,,,,,,,,,,,,,
990IX Travel,F,T,,"""Travel Expense""",,,,,,,,,,,,,,,
990VIII Cost of Goods Sold,F,T,,"""Cost of Goods Sold""",,,,,,,,,,,,,,,
990VIII Fundraising Events,F,T,,"""Fundraising Events Revenue""",,,,,,,,,,,,,,,
990VIII Gain/Loss on Sales of Fixed Assets,F,T,,"""Gain/Loss on Sales of Fixed Assets""",,,,,,,,,,,,,,,
990VIII Government Grants,F,T,,"""Grant Revenue - Governmental""",,,,,,,,,,,,,,,
990VIII Gross Income from Gaming Activities,F,T,,"""Gaming Income""",,,,,,,,,,,,,,,
990VIII Gross Sales of Inventory,F,T,,"""Revenue - Sales""",,,,,,,,,,,,,,,
990VIII Income from Investment of Tax Exempt Bond Proceeds,F,T,,"""Investment Income of Tax Exempt Bond Proceeds""",,,,,,,,,,,,,,,
990VIII Investment Income,F,T,,"""Dividend Income"",""Endowment Revenue"",""Interest Income"",""Investment Income"",""Realized Gain/Loss on Investments"",""Trust Revenue""",,,,,,,,,,,,,,,
990VIII Membership Dues,F,T,,"""Member Fees Revenue""",,,,,,,,,,,,,,,
990VIII Miscellaneous Revenue,F,T,,"""Realized Foreign Currency Exchange Gain/Loss"",""Revenue - Other"",""Revenue - Subscriptions"",""Revenue - Supports"",""Other Income""",,,,,,,,,,,,,,,
"990VIII Other Contributions, Gifts, Grants, and Similar",F,T,,"""Grant Revenue - Other"",""Contributions"",""Contributions In Kind""",,,,,,,,,,,,,,,
990VIII Other Revenue,F,T,"""990VIII Investment Income"",""990VIII Income from Investment of Tax Exempt Bond Proceeds"",""990VIII Royalties"",""990VIII Rental Income"",""Gain / Loss on Sales of Fixed Assets"",""990VIII_Net Income or Loss from Fundraising Events"",""990VIII_Net Income or Loss from Gaming Activities"",""990VIII_Net Income or Loss from Sales of Inventory""",,,,,,,,,,,,,,,,
990VIII Program Service Revenue,F,T,,"""Program Revenue"",""Revenue - Services"",""Tuition Revenue""",,,,,,,,,,,,,,,
990VIII Rental Income,F,T,,"""Rental Income""",,,,,,,,,,,,,,,
990VIII Royalties,F,T,,"""Royalties Income""",,,,,,,,,,,,,,,
990VIII Sales of Assets Other Than Inventory,F,T,,"""Gain/Loss on Sales of Fixed Assets""",,,,,,,,,,,,,,,
"990VIII Total Contributions, Gifts, Grants, and Other Similar Amounts",F,T,"""990VIII_Federated Campaigns"",""990VIII Membership Dues"",""990VIII_Fundraising Event Contributions"",""990VIII_Related Organization Contributions"",""990VIII Government Grants"",""990VIII Other Contributions, Gifts, Grants, and Similar""",,,,,,,,,,,,,,,,
990VIII Total Revenue,F,T,"""990VIII Total Contributions, Gifts, Grants, and Other Similar Amounts"",""990VIII Program Service Revenue"",""990VIII Other Revenue"",""990VIII Miscellaneous Revenue""",,,,,,,,,,,,,,,,
990VIII_Federated Campaigns,F,T,,"""Federated Campaigns""",,,,,,,,,,,,,,,
990VIII_Fundraising Direct Expenses,F,T,,"""Fundraising Fees""",,,,,,,,,,,,,,,
990VIII_Fundraising Event Contributions,F,T,,"""Contributions Event Related""",,,,,,,,,,,,,,,
990VIII_Gaming direct expenses,F,T,,"""Gaming Expense""",,,,,,,,,,,,,,,
990VIII_Gross Sales of Inventory less Returns,F,T,"""990VIII Gross Sales of Inventory"",""990VIII_Sales Returns and Discounts""",,,,,,,,,,,,,,,,
990VIII_Net Income or Loss from Fundraising Events,F,T,"""990VIII Fundraising Events"",""990VIII_Fundraising Direct Expenses""",,,,,,,,,,,,,,,,
990VIII_Net Income or Loss from Gaming Activities,F,T,"""990VIII Gross Income from Gaming Activities"",""990VIII_Gaming direct expenses""",,,,,,,,,,,,,,,,
990VIII_Net Income or Loss from Sales of Inventory,F,T,"""990VIII_Gross Sales of Inventory less Returns"",""990VIII Cost of Goods Sold""",,,,,,,,,,,,,,,,
990VIII_Noncash Contributions,F,T,,"""Contributions In Kind""",,,,,,,,,,,,,,,
990VIII_Related Organization Contributions,F,T,,"""Contributions from Related Organizations""",,,,,,,,,,,,,,,
990VIII_Sales Returns and Discounts,F,T,,"""Sales Returns and Discounts""",,,,,,,,,,,,,,,
AC Allocation,E,T,"""S103""",,,,,,,,,,,,,,,,
"Account Receivable, Net of Allowance",F,T,"""Accounts Receivable"",""Allowance for Doubtful Accounts""",,,,,,,,,,,,,,,,
Accounts Payable,E,T,,"""Accounts Payable""",,,,,,,,,,,,,,,
Accounts Receivable,E,T,,"""Accounts Receivable""",,,,,,,,,,,,,,,
Accrued Liabilities,E,T,,"""Accrued Liabilities""",,,,,,,,,,,,,,,
Accrued Taxes,E,T,,"""Accrued Taxes""",,,,,,,,,,,,,,,
Accumulated Amortization,E,T,,"""Accumulated Amortization""",,,,,,,,,,,,,,,
Accumulated Depreciation,E,T,,"""Accumulated Depreciation""",,,,,,,,,,,,,,,
Advertising and Promotion Expense,F,T,,"""Advertising and Promotion Expense""",,,,,,,,,,,,,,,
Allocated Indirect Costs,F,T,,"""Allocated Indirect Costs""",,,,,,,,,,,,,,,
Allowance for Doubtful Accounts,E,T,,"""Allowance for Doubtful Accounts""",,,,,,,,,,,,,,,
AmeriCorps Compensation,F,T,"""6200"",""6210"",""6270"",""6280"",""6290""",,,,,,,,,,,,,,,,
Amortization Expense,F,T,,"""Amortization Expense""",,,,,,,,,,,,,,,
Assets,F,T,"""Current Assets"",""Long-term Assets"",""Intangible Assets, Net of Amortization"",""Investments"",""Loans Receivable"",""Interfund Due from""",,,,,,,,,,,,,,,,
Average Expense by month,F,T,,,,,,SOA-OE- Payroll and Related,,F,A,,SOA-OE-Other Expense,,F,0,M,,L
Avg Encounters per Clinician,F,T,,,,,,Encounters,,E,D,,Clinicians,,E,2,R,,L
Avg Revenue per Patient,F,T,,,,,,Revenues,,E,D,,Patients,,E,2,V,,L
Avg Revenue per Resident,F,T,,,,,,Revenues,,E,D,,Residents,,E,2,V,,L
Bad Debt Expense,F,T,,"""Bad Debt Expense""",,,,,,,,,,,,,,,
Beds Available,F,T,,"""Beds Available""",,,,,,,,,,,,,,,
Beds Occupied,F,T,,"""Beds Occupied""",,,,,,,,,,,,,,,
Benefit Expense,F,T,,"""Benefit Expense""",,,,,,,,,,,,,,,
Bond Liabilities,E,T,,"""Bond Liabilities""",,,,,,,,,,,,,,,
Bonus Expense,F,T,,"""Bonus Expense""",,,,,,,,,,,,,,,
Burn Rate,F,T,,,,,,Cash and Cash Equivalents,,F,D,,Average Expense by month,,F,2,V,,L
Business Licenses and Permits Expense,F,T,,"""Business Licenses and Permits Expense""",,,,,,,,,,,,,,,
Capital Lease Obligation - Current,E,T,,"""Capital Lease - Current""",,,,,,,,,,,,,,,
Capital Leases - Long Term,E,T,,"""Capital Lease - Long Term""",,,,,,,,,,,,,,,
Cash and Cash Equivalents,E,T,,"""Cash and Cash Equivalents""",,,,,,,,,,,,,,,
Cash and ST Investments,E,T,,"""Cash and Cash Equivalents"",""Short-Term Investments""",,,,,,,,,,,,,,,
Cash Paid to Tax Authorities,F,T,,"""Deferred Tax Assets - Current"",""Deferred Tax Assets - Long Term"",""Federal Tax"",""Foreign Tax"",""State and Local Tax"",""Taxes""",,,,,,,,,,,,,,,
Cash Ratio,F,T,,,,,,Cash and Cash Equivalents,,F,D,,SOFP-Current Liabilities,,F,2,V,,L
CF Supplemental data noncash activities,F,T,"""CF_Contributions in Kind""",,,,,,,,,,,,,,,,
CF_Adjustment for Noncash Contributions,F,T,,,,,,CF_Contributions in Kind,,E,M,1,,,E,2,V,,L
CF_Cash flows from financing activities,F,T,"""CF_Changes in Debt Proceeds""",,,,,,,,,,,,,,,,
CF_Cash flows from investing activities,F,T,"""CF_Changes in Capital Expenditures"",""CF_Net sales (purchases) of ST investments"",""CF_Purchase of long term investments and other assets"",""CF_Investment in Subsidiary""",,,,,,,,,,,,,,,,
CF_Cash flows from operating activities,F,T,"""Change In Net Assets"",""CF_Changes in Cash from Operating Activities""",,,,,,,,,,,,,,,,
"CF_Cash, Beginning Period",S,T,,"""Cash and Cash Equivalents""",,,,,,,,,,,,,,,
"CF_Cash, End of Period",E,T,,"""Cash and Cash Equivalents""",,,,,,,,,,,,,,,
CF_Changes in Capital Expenditures,F,T,,"""Fixed Assets"",""Copyrights"",""Patents"",""Trademark"",""Goodwill"",""Intangible Assets""",,,,,,,,,,,,,,,
CF_Changes in Cash from Operating Activities,F,T,"""CF_Changes To Depreciation"",""CF_Changes To Amortization"",""CF_Changes To Accounts Receivable"",""CF_Changes To Grants Receivable"",""CF_Changes To Prepaid Expenses"",""CF_Changes To Inventory"",""CF_Changes To Other Assets"",""CF_Changes In Deferred Tax Assets"",""CF_Changes To Accounts Payable"",""CF_Changes To Deferred Revenue"",""CF_Changes To Other Liabilities"",""CF_Changes To Taxes Payable"",""CF_Adjustment for Noncash Contributions"",""CF_Changes to Intercompany""",,,,,,,,,,,,,,,,
CF_Changes in Debt Proceeds,F,T,,"""Notes Payable - Current"",""Loans Payable - Current"",""Debts - Current"",""Capital Lease - Current"",""Mortgage Loans - Short Term"",""Notes Payable - Long Term"",""Loans Payable - Long Term"",""Debts - Long Term"",""Capital Lease - Long Term"",""Mortgage Loans - Long Term""",,,,,,,,,,,,,,,
CF_Changes In Deferred Tax Assets,F,T,,"""Deferred Tax Assets - Current"",""Deferred Tax Assets - Long Term""",,,,,,,,,,,,,,,
CF_Changes To Accounts Payable,F,T,,"""Accounts Payable""",,,,,,,,,,,,,,,
CF_Changes To Accounts Receivable,F,T,,"""Accounts Receivable"",""Allowance for Doubtful Accounts""",,,,,,,,,,,,,,,
CF_Changes To Accrued Expenses,F,T,,"""Accrued Liabilities""",,,,,,,,,,,,,,,
CF_Changes To Amortization,F,T,,"""Accumulated Amortization""",,,,,,,,,,,,,,,
CF_Changes To Deferred Revenue,F,T,,"""Deferred Revenue - Current"",""Deferred Revenue - Long Term"",""Deferred Revenue""",,,,,,,,,,,,,,,
CF_Changes To Depreciation,F,T,,"""Accumulated Depreciation""",,,,,,,,,,,,,,,
CF_Changes To Grants Receivable,F,T,,"""Grants Receivable""",,,,,,,,,,,,,,,
CF_Changes to Intercompany,F,T,"""CF_Changes to Intercompany Payable"",""CF_Changes to Intercompany Receivable""",,,,,,,,,,,,,,,,
CF_Changes to Intercompany Payable,F,T,,"""Intercompany Payable""",,,,,,,,,,,,,,,
CF_Changes to Intercompany Receivable,F,T,,"""Intercompany Receivable""",,,,,,,,,,,,,,,
CF_Changes To Inventory,F,T,,"""Inventory""",,,,,,,,,,,,,,,
CF_Changes To Other Assets,F,T,,"""Other Current Assets"",""Deposits and Prepayments"",""Employee Advances/Loans"",""Escrows and Reserves""",,,,,,,,,,,,,,,
CF_Changes To Other Liabilities,F,T,,"""Accrued Liabilities"",""Other Short term liability"",""Accrued Taxes"",""Deferred Taxes Liabilities - Long Term"",""Other Long term Liabilities""",,,,,,,,,,,,,,,
CF_Changes To Prepaid Expenses,F,T,,"""Prepaid Expenses""",,,,,,,,,,,,,,,
CF_Changes To Taxes Payable,F,T,,"""Income Tax Payable"",""Sales and Use Tax Payable""",,,,,,,,,,,,,,,
CF_Contributions in Kind,F,T,,"""Contributions In Kind""",,,,,,,,,,,,,,,
CF_Increase (Decrease) in Cash,F,T,"""CF_Cash flows from operating activities"",""CF_Cash flows from investing activities"",""CF_Cash flows from financing activities""",,,,,,,,,,,,,,,,
CF_Investment in Subsidiary,F,T,,"""Investment in Subsidiary""",,,,,,,,,,,,,,,
CF_Net sales (purchases) of ST investments,F,T,,"""Short-Term Investments""",,,,,,,,,,,,,,,
CF_Payments on Notes Payable,F,T,,"""Notes Payable - Current""",,,,,,,,,,,,,,,
CF_Purchase of long term investments and other assets,F,T,,"""Long Term Investments"",""Other Assets""",,,,,,,,,,,,,,,
Change In Net Assets,F,T,"""Operating_Revenue"",""Expenditures""",,,,,,,,,,,,,,,,
Changes in Net Assets,F,T,"""Revenues"",""Expenditures""",,,,,,,,,,,,,,,,
Charitable Contributions Expense,F,T,,"""Charitable Contributions Expense""",,,,,,,,,,,,,,,
Claim Remittance Denail Rate,F,T,,,,,,Claims Denied,,E,D,,Claims Remitted,,E,2,R,,L
Claims Denied,F,T,,"""Claims Denied""",,,,,,,,,,,,,,,
Claims Remitted,F,T,,"""Claims Remitted""",,,,,,,,,,,,,,,
Clinician to Total Headcount Ratio,F,T,,,,,,Clinicians,,E,D,,Employee Headcount,,E,2,R,,L
Clinicians,F,T,,"""Clinicians""",,,,,,,,,,,,,,,
Commission Expense,F,T,,"""Commission Expense""",,,,,,,,,,,,,,,
Compensation Expense,F,T,,"""Compensation of Officers, Directors and Trustees""",,,,,,,,,,,,,,,
"Conferences, Conventions, and Meetings",F,T,,"""Conferences, Conventions, and Meetings""",,,,,,,,,,,,,,,
Contributions,F,T,,"""Contributions"",""Contributions Event Related"",""Contributions from Related Organizations"",""Federated Campaigns""",,,,,,,,,,,,,,,
Contributions all,F,T,"""Contributions"",""Federated Campaign Contributions"",""Contributions In Kind"",""Fundraising Events Revenue"",""Individual Donation""",,,,,,,,,,,,,,,,
Contributions In Kind,F,T,,"""Contributions In Kind""",,,,,,,,,,,,,,,
Copying and Printing Expense,F,T,,"""Copying and Printing Expense""",,,,,,,,,,,,,,,
Cost per City,E,T,"""S102""",,,,,,,,,,,,,,,,
Cost per City (Net of AC),E,T,"""S106""",,,,,,,,,,,,,,,,
Cost per Pupil,F,T,,,,,,Cost per City (Net of AC),,F,D,,Student Count,,F,0,V,,L
Cost per Pupil (Direct Costs),F,T,"""SOA-OE- Payroll and Related"",""SOA-OE- Fellow Stipends and Benefits"",""SOA-OE-Program Support and Supplies"",""SOA-OE-Consultant and Contracted Services"",""SOA-OE-Digital Marketing & Advertising"",""SOA-OE-Software, Subscriptions, and Hosting"",""SOA-OE-Payroll Fees and Background Checks"",""SOA-OE-Rent, Internet, and Utilities"",""SOA-OE-Travel"",""SOA-OE-Insurance, Bank, and Filing Fees"",""SOA-OE-Other Expenses""",,,,,,,,,,,,,,,,
Cost per pupil (Indirect costs),F,T,"""6100"",""6120:6199"",""6295:6810""",,,,,,,,,,,,,,,,
Cost per Pupil (Total Indirect),E,T,"""S107""",,,,,,,,,,,,,,,,
Cost per Pupil - Indirect Cost Rates by Dept.,E,T,"""S111""",,,,,,,,,,,,,,,,
Cost Structure (% Direct Costs),F,T,,,,,,Direct Costs by City,,F,D,,Cost per City,,F,0,P,,L
Costs - % Funded with AC,F,T,,,,,,AC Allocation,,F,D,,Cost per City,,F,1,P,,L
"Costs - % Funded with Earned Rev,",F,T,,,,,,SOA-UOR-Program and Service Income,,F,D,,Cost per City,,F,0,P,,L
Costs - Indirect Rate by Location,E,T,"""S112""",,,,,,,,,,,,,,,,
Costs - Indirect Rate Location Budget,E,T,"""S113""",,,,,,,,,,,,,,,,
CPP_Funding Composition by City,F,T,"""SOA-UOR-Program and Service Income"",""AC Allocation"",""SOA-UOR-Grants and Contributions"",""SOA-UOR-Individual Giving""",,,,,,,,,,,,,,,,
Credit Card and Other Service Expense,F,T,,"""Credit Card and Other Service Expense""",,,,,,,,,,,,,,,
Current Assets,F,T,"""Cash and Cash Equivalents"",""Account Receivable, Net of Allowance"",""Grants Receivable"",""Pledges Receivable"",""Short Term Investments"",""Other Current Assets Group""",,,,,,,,,,,,,,,,
Current Ratio,F,T,,,,,,SOFP-Current Assets,,F,D,,SOFP-Current Liabilities,,F,2,V,,L
Custodial Liabilities,E,T,,"""Custodial Liabilities""",,,,,,,,,,,,,,,
Dashboard - Net Assets,E,T,"""Net Assets_With Donor Restrictions"",""Net Assets_Without Donor Restrictions""",,,,,,,,,,,,,,,,
Dashboard- Cash,E,T,"""1001"",""1005""",,,,,,,,,,,,,,,,
Days in Month,F,T,,"""DAYS""",,,,,,,,,,,,,,,
Days Sales Outstanding (Fed AC),F,T,,,,,,Fed AR Divided by Fed Revenue,,F,M,,Days in Month,,F,2,V,,L
DCF_Accounts Receivable,F,T,,"""Accounts Receivable"",""Allowance for Doubtful Accounts"",""Employee Advances/Loans"",""Pledges Receivable""",,,,,,,,,,,,,,,
DCF_Cash flows from financing activities,F,T,"""DCF_Changes in Debt Proceeds""",,,,,,,,,,,,,,,,
DCF_Cash flows from investing activities,F,T,"""DCF_Changes in Capital Expenditures"",""DCF_Net sales (purchases) of ST investments"",""DCF_Purchase of long term investments and other assets"",""DCF_Investment in Subsidiary""",,,,,,,,,,,,,,,,
DCF_Cash flows from operating,F,T,"""DCF_Cash received from services"",""DCF_Cash received from contributions"",""DCF_Cash received from grants"",""DCF_Cash received from investments"",""DCF_Gaming Activities"",""DCF_Miscellaneous receipts"",""DCF_Cash paid to employees suppliers""",,,,,,,,,,,,,,,,
DCF_Cash paid to employees suppliers,F,T,"""Expenditures"",""CF_Changes To Accounts Payable"",""CF_Changes To Prepaid Expenses"",""CF_Changes To Inventory"",""CF_Changes To Other Liabilities"",""CF_Changes to Intercompany"",""CF_Changes To Other Assets"",""CF_Changes To Depreciation"",""CF_Changes To Amortization"",""CF_Changes In Deferred Tax Assets"",""CF_Changes To Taxes Payable""",,,,,,,,,,,,,,,,
DCF_Cash received from contributions,F,T,"""Contributions"",""Fundraising Events Revenue"",""Federated Campaign Contributions""",,,,,,,,,,,,,,,,
DCF_Cash received from grants,F,T,"""Grant Revenues"",""CF_Changes To Grants Receivable""",,,,,,,,,,,,,,,,
DCF_Cash received from investments,F,T,,"""Dividend Income"",""Interest Income"",""Realized Gain/Loss on Investments"",""Unrealized Gain/Loss on Investments"",""Trust Revenue"",""Investment Income"",""Endowment Revenue"",""Investment Income of Tax Exempt Bond Proceeds""",,,,,,,,,,,,,,,
DCF_Cash received from services,F,T,"""Program Revenue"",""Tuition Revenue"",""Member Fees"",""Revenue - Sales"",""Revenue - Subscriptions"",""Revenue - Services"",""Revenue - Supports"",""CF_Changes To Accounts Receivable"",""CF_Changes To Deferred Revenue"",""Sales Returns and Discounts""",,,,,,,,,,,,,,,,
DCF_Changes in Capital Expenditures,F,T,,"""Copyrights"",""Fixed Assets"",""Goodwill"",""Intangible Assets"",""Patents"",""Trademark""",,,,,,,,,,,,,,,
DCF_Changes in Debt Proceeds,F,T,,"""Capital Lease - Current"",""Capital Lease - Long Term"",""Debts - Current"",""Debts - Long Term"",""Loans Payable - Current"",""Loans Payable - Long Term"",""Mortgage Loans - Long Term"",""Mortgage Loans - Short Term"",""Notes Payable - Current"",""Notes Payable - Long Term"",""Bond Liabilities""",,,,,,,,,,,,,,,
DCF_Changes to Accounts Payable,F,T,,"""Accounts Payable""",,,,,,,,,,,,,,,
DCF_Changes to Intercompany,F,T,"""DCF_Changes to Intercompany Payable"",""DCF_Changes to Intercompany Receivable""",,,,,,,,,,,,,,,,
DCF_Changes to Intercompany Payable,F,T,,"""Intercompany Payable""",,,,,,,,,,,,,,,
DCF_Changes to Intercompany Receivable,F,T,,"""Intercompany Receivable""",,,,,,,,,,,,,,,
DCF_Changes To Prepaid Expense,F,T,,"""Prepaid Expenses"",""Deposits and Prepayments""",,,,,,,,,,,,,,,
DCF_Contributions,F,T,,"""Contributions Event Related"",""Contributions"",""Federated Campaigns"",""Contributions from Related Organizations""",,,,,,,,,,,,,,,
DCF_Depreciation,F,T,,"""Accumulated Depreciation""",,,,,,,,,,,,,,,
DCF_Expenditures,F,T,"""DCF_General and Administrative"",""DCF_Occupancy"",""DCF_Personnel"",""DCF_Professional Fees"",""DCF_Program Expenses"",""DCF_Royalties Expense"",""DCF_Payments to Affiliates"",""Federated Campaign Contributions""",,,,,,,,,,,,,,,,
DCF_Gaming Activities,F,T,,"""Gaming Income""",,,,,,,,,,,,,,,
DCF_General and Administrative,F,T,"""Advertising and Promotion Expense"",""Credit Card and Other Service Expense"",""Travel Expense for Public Officials"",""Insurance Expense"",""Amortization Expense"",""Bad Debt Expense"",""Business Licenses and Permits Expense"",""Charitable Contributions Expense"",""Conferences, Conventions, and Meetings"",""Copying and Printing Expense"",""Debt Service Expense"",""Depreciation Expense"",""Due and Subscriptions Expense"",""Equipment Rental Expense"",""Facility Expense"",""Interest Expense"",""Meal and Entertainment Expense"",""Miscellaneous Expense"",""Office Supplies Expense"",""Other Expenses"",""Postage and Delivery Expense"",""Printing & Publications"",""Repairs and Maintenance Expense"",""Telecommunication Expense"",""Telephone"",""Travel Expense"",""Payroll Expense"",""Fundraising Fees"",""Investment Fees""",,,,,,,,,,,,,,,,
DCF_Grant Revenues,F,T,,"""Grant Revenue - Other"",""Grant Revenue - Governmental""",,,,,,,,,,,,,,,
DCF_Grants Receivable,F,T,,"""Grants Receivable""",,,,,,,,,,,,,,,
DCF_Increase or Decrease in Cash,F,T,"""DCF_Cash flows from operating"",""DCF_Cash flows from investing activities"",""DCF_Cash flows from financing activities""",,,,,,,,,,,,,,,,
DCF_Investment in Subsidiary,F,T,,"""Investment in Subsidiary""",,,,,,,,,,,,,,,
DCF_Miscellaneous receipts,F,T,"""DCF_Other Revenue"",""Royalties Income"",""Rental Income"",""Revenues Released""",,,,,,,,,,,,,,,,
DCF_Net sales (purchases) of ST investments,F,T,,"""Short-Term Investments""",,,,,,,,,,,,,,,
DCF_Occupancy,F,T,,"""Occupancy"",""Rent Expense"",""Utility Expense""",,,,,,,,,,,,,,,
DCF_Other Liabilities,F,T,,"""Sales and Use Tax Payable"",""Deferred Taxes Liabilities - Long Term"",""Accrued Liabilities"",""Other Long term Liabilities"",""Other Short term liability"",""Custodial Liabilities""",,,,,,,,,,,,,,,
DCF_Other Revenue,F,T,,"""Unrealized Currency Gain/Loss [Income Statement]"",""Realized Foreign Currency Exchange Gain/Loss"",""Gain/Loss on Sales of Fixed Assets"",""Revenue - Other"",""Other Income""",,,,,,,,,,,,,,,
DCF_Payments to Affiliates,F,T,,"""Payments to Affiliates""",,,,,,,,,,,,,,,
DCF_Personnel,F,T,"""DCF_Salary and Wages Expense"",""DCF_PR Benefits"",""DCF_PR Taxes""",,,,,,,,,,,,,,,,
DCF_PR Benefits,F,T,,"""Benefit Expense"",""Bonus Expense"",""Fringe""",,,,,,,,,,,,,,,
DCF_PR Taxes,F,T,,"""Payroll Expense"",""Payroll Taxes""",,,,,,,,,,,,,,,
DCF_Professional Fees,F,T,,"""Professional Services Expense"",""Management Fees Expense"",""Legal and Accounting Expense""",,,,,,,,,,,,,,,
DCF_Program Expenses,F,T,,"""Grants Awarded Expense"",""Program Expense"",""Gaming Expense"",""Member Benefits Expense""",,,,,,,,,,,,,,,
DCF_Purchase of long term investments and other assets,F,T,,"""Other Assets"",""Long Term Investments"",""Notes Receivable"",""Loans Receivable""",,,,,,,,,,,,,,,
DCF_Revenue - Investments,F,T,,"""Dividend Income"",""Interest Income"",""Investment Income"",""Investment Income of Tax Exempt Bond Proceeds"",""Realized Gain/Loss on Investments"",""Trust Revenue"",""Unrealized Gain/Loss on Investments"",""Rental Income""",,,,,,,,,,,,,,,
DCF_Royalties Expense,F,T,,"""Royalties Expense""",,,,,,,,,,,,,,,
DCF_Salary and Wages Expense,F,T,,"""Salary and Wage Expense"",""Commission Expense"",""Compensation of Officers, Directors and Trustees""",,,,,,,,,,,,,,,
DCF_Supplemental data noncash,F,T,"""Contributions In Kind""",,,,,,,,,,,,,,,,
DCF_Tax Liabilities,F,T,,"""Escrows and Reserves"",""Accrued Taxes"",""Income Tax Payable"",""Withholding Tax Payable""",,,,,,,,,,,,,,,
Debt Ratio,F,T,,,,,,SOFP-Liabilities,,F,D,,SOFP-Assets,,F,2,V,,L
Debt Service Expense,F,T,,"""Debt Service Expense""",,,,,,,,,,,,,,,
Debts - Current,E,T,,"""Debts - Current""",,,,,,,,,,,,,,,
Debts - Long Term,E,T,,"""Debts - Long Term""",,,,,,,,,,,,,,,
Deferred Revenue,E,T,,"""Deferred Revenue - Current"",""Deferred Revenue""",,,,,,,,,,,,,,,
Deferred Revenue - Long Term,E,T,,"""Deferred Revenue - Long Term""",,,,,,,,,,,,,,,
Deferred Tax Assets - Current,E,T,,"""Deferred Tax Assets - Current""",,,,,,,,,,,,,,,
Deferred Tax Assets - Long Term,E,T,,"""Deferred Tax Assets - Long Term""",,,,,,,,,,,,,,,
Deferred Tax Liabilities - Long Term,E,T,,"""Deferred Taxes Liabilities - Long Term""",,,,,,,,,,,,,,,
Deposits and Prepayments,E,T,,"""Deposits and Prepayments""",,,,,,,,,,,,,,,
Depreciation Expense,F,T,,"""Depreciation Expense""",,,,,,,,,,,,,,,
Direct Costs by City,F,T,"""SOA-OE- Payroll and Related"",""SOA-OE- Fellow Stipends and Benefits""",,,,,,,,,,,,,,,,
Direct Expenses,F,T,,"""Cost of Goods Sold"",""Program Expense""",,,,,,,,,,,,,,,
Due and Subscriptions Expense,F,T,,"""Dues and Subscriptions Expense""",,,,,,,,,,,,,,,
Earned Income %,E,T,,,,,,SOA-UOR-Program and Service Income,,F,D,,SOA-Unrestricted Operating Revenue,,F,0,P,,L
Employee Advances / Loans,E,T,,"""Employee Advances/Loans""",,,,,,,,,,,,,,,
Employee Headcount,F,T,,"""EMPLOYEE HEADCOUNT""",,,,,,,,,,,,,,,
Encounters,F,T,,"""Encounters""",,,,,,,,,,,,,,,
Equipment Rental Expense,F,T,,"""Equipment Rental Expense""",,,,,,,,,,,,,,,
Escrows and Reserves,E,T,,"""Escrows and Reserves""",,,,,,,,,,,,,,,
Expenditures,F,T,"""Direct Expenses"",""Personnel"",""Occupancy"",""Professional Fees"",""Gaming Expense"",""Grants Awarded Expense"",""General and Administrative"",""Member Benefit Expense"",""Payments to Affiliates"",""Royalties Expense""",,,,,,,,,,,,,,,,
Facility Expense,F,T,,"""Facility Expense""",,,,,,,,,,,,,,,
Fed AR Divided by Fed Revenue,F,T,,,,,,,1311,F,A,,,4100,F,2,V,,L
Federal,F,T,"""4100:4150""",,,,,,,,,,,,,,,,
Federal Tax,F,T,,"""Federal Tax""",,,,,,,,,,,,,,,
Federated Campaign Contribution Expense,F,T,,"""Federated Campaign Contributions Expense""",,,,,,,,,,,,,,,
Federated Campaign Contributions,F,T,,"""Federated Campaigns""",,,,,,,,,,,,,,,
Fellow (% of total),E,T,"""S101""",,,,,,,,,,,,,,,,
Fellow Count,E,T,"""S104""",,,,,,,,,,,,,,,,
Finance Charges Expense,F,T,,"""Finance Charges Expense""",,,,,,,,,,,,,,,
Foreign Currency Exchange Gain / Loss,F,T,,"""Unrealized Currency Gain/Loss [Income Statement]"",""Realized Foreign Currency Exchange Gain/Loss""",,,,,,,,,,,,,,,
Foreign Tax,F,T,,"""Foreign Tax""",,,,,,,,,,,,,,,
Fringe,F,T,,"""Fringe""",,,,,,,,,,,,,,,
Funding by Category,F,T,"""Federal"",""Grants and Philanthropy"",""Program Service Income""",,,,,,,,,,,,,,,,
Funding Composition,F,T,"""4000:4250""",,,,,,,,,,,,,,,,
Fundraising Events Revenue,F,T,,"""Fundraising Events Revenue""",,,,,,,,,,,,,,,
Fundraising Fees,F,T,,"""Fundraising Fees""",,,,,,,,,,,,,,,
Gain / Loss on Sales of Fixed Assets,F,T,,"""Gain/Loss on Sales of Fixed Assets""",,,,,,,,,,,,,,,
Gaming Expense,F,T,,"""Gaming Expense""",,,,,,,,,,,,,,,
Gaming Income,F,T,,"""Gaming Income""",,,,,,,,,,,,,,,
General and Administrative,F,T,"""Advertising and Promotion Expense"",""Amortization Expense"",""Bad Debt Expense"",""Business Licenses and Permits Expense"",""Charitable Contributions Expense"",""Fundraising Fees"",""Conferences, Conventions, and Meetings"",""Copying and Printing Expense"",""Credit Card and Other Service Expense"",""Debt Service Expense"",""Depreciation Expense"",""Due and Subscriptions Expense"",""Equipment Rental Expense"",""Facility Expense"",""Federal Tax"",""Federated Campaign Contribution Expense"",""Finance Charges Expense"",""Foreign Tax"",""Insurance Expense"",""Interest Expense"",""Investment Fees"",""Meal and Entertainment Expense"",""Miscellaneous Expense"",""Office Supplies Expense"",""Other Expenses"",""Printing & Publications"",""Postage and Delivery Expense"",""Repairs and Maintenance Expense"",""State and Local Tax"",""Taxes"",""Telecommunication Expense"",""Telephone"",""Travel Expense"",""Travel Expense for Public Officials"",""Utility Expense"",""Withholding Tax"",""Allocated Indirect Costs"",""Interfund Transfers""",,,,,,,,,,,,,,,,
Goodwill,E,T,,"""Goodwill""",,,,,,,,,,,,,,,
Government Grants,F,T,,"""Grant Revenue - Governmental""",,,,,,,,,,,,,,,
Grant Revenue,F,T,,"""Grant Revenue - Other""",,,,,,,,,,,,,,,
Grant Revenue - Governmental,F,T,,"""Grant Revenue - Governmental""",,,,,,,,,,,,,,,
Grant Revenues,F,T,"""Grant Revenue - Governmental"",""Grant Revenue""",,,,,,,,,,,,,,,,
Grants and Philanthropy,F,T,"""4000:4020"",""4200""",,,,,,,,,,,,,,,,
Grants Awarded Expense,F,T,,"""Grants Awarded Expense""",,,,,,,,,,,,,,,
Grants Receivable,E,T,,"""Grants Receivable""",,,,,,,,,,,,,,,
"Gross land, buildings, and equipment",E,T,,"""Fixed Assets""",,,,,,,,,,,,,,,
GS Membership dues,F,T,,"""Member Fees Revenue""",,,,,,,,,,,,,,,
Held Funds,F,T,"""2600""",,,,,,,,,,,,,,,,
Held Funds - Statistical Acc,F,T,"""S109""",,,,,,,,,,,,,,,,
Income Tax Payable,E,T,,"""Income Tax Payable""",,,,,,,,,,,,,,,
Indirect Cost by Fellow (NY),F,T,,,,,,,,,,,,,,,,,
Indirect Cost Rates - Widespread,E,T,,,,,,,,,,,,,,,,,
Indirect Costs by City,F,T,"""s107""",,,,,,,,,,,,,,,,
Indirect Costs by Fellow (CHA),F,T,,,,,,,,,,,,,,,,,
Indirect Costs by Fellow (CHI),F,T,,,,,,,,,,,,,,,,,
Indirect Costs by Fellow (DC),F,T,,,,,,,,,,,,,,,,,
Indirect Costs by Fellow (PVD),F,T,,,,,,,,,,,,,,,,,
Individual Donation,F,T,"""4000""",,,,,,,,,,,,,,,,
Insurance Expense,F,T,,"""Insurance Expense""",,,,,,,,,,,,,,,
Intangible Assets,E,T,,"""Intangible Assets""",,,,,,,,,,,,,,,
"Intangible Assets, Net of Amortization",F,T,"""Intangible Assets"",""Goodwill"",""Patents and Trademarks"",""Accumulated Amortization""",,,,,,,,,,,,,,,,
Intercompany Payable,E,T,,"""Intercompany Payable""",,,,,,,,,,,,,,,
Intercompany Receivable,E,T,,"""Intercompany Receivable""",,,,,,,,,,,,,,,
Interest Expense,F,T,,"""Interest Expense""",,,,,,,,,,,,,,,
Interfund Due from,E,T,,"""Interfund Due from""",,,,,,,,,,,,,,,
Interfund Due to,E,T,,"""Interfund Due to""",,,,,,,,,,,,,,,
Interfund Transfers,F,T,,"""Interfund Transfers""",,,,,,,,,,,,,,,
INV_Disclosure,F,T,"""INV_Interest and Dividends"",""INV_Realized Gain Loss"",""INV_Unrealized Gain Loss"",""Investment Fees""",,,,,,,,,,,,,,,,
INV_Dividends Income,F,T,,"""Dividend Income""",,,,,,,,,,,,,,,
INV_Interest and Dividends,F,T,"""INV_Dividends Income"",""INV_Interest Revenue""",,,,,,,,,,,,,,,,
INV_Interest Revenue,F,T,,"""Interest Income""",,,,,,,,,,,,,,,
INV_Investment Fees,F,T,,"""Investment Fees""",,,,,,,,,,,,,,,
INV_Realized Gain Loss,F,T,,"""Realized Gain/Loss on Investments""",,,,,,,,,,,,,,,
INV_Unrealized Gain Loss,F,T,,"""Unrealized Gain/Loss on Investments""",,,,,,,,,,,,,,,
Inventory,E,T,,"""Inventory""",,,,,,,,,,,,,,,
Investment Fees,F,T,,"""Investment Fees""",,,,,,,,,,,,,,,
Investment in Subsidiary,E,T,,"""Investment in Subsidiary""",,,,,,,,,,,,,,,
Investment Income,F,T,,"""Investment Income"",""Investment Income of Tax Exempt Bond Proceeds""",,,,,,,,,,,,,,,
Investment Income all,F,T,,"""Dividend Income"",""Endowment Revenue"",""Interest Income"",""Investment Income"",""Investment Income of Tax Exempt Bond Proceeds"",""Trust Revenue"",""Realized Gain/Loss on Investments"",""Unrealized Gain/Loss on Investments""",,,,,,,,,,,,,,,
Investment Income of Tax Exempt Bond Proceeds,F,T,,"""Investment Income of Tax Exempt Bond Proceeds""",,,,,,,,,,,,,,,
Investments,F,T,"""Long Term Investments"",""Investment in Subsidiary""",,,,,,,,,,,,,,,,
Investments ST,E,T,"""1500""",,,,,,,,,,,,,,,,
KPI_# Months Cash on Hand,F,T,,,,,,Operating Cash,,F,D,2582795,,,F,1,V,,L
KPI_Average Assets,F,T,,,,,,KPI_Sum of Beg. & Ending Assets,,F,D,2,,,F,2,V,,L
KPI_Average Monthly Spend,F,T,,,,,,SOA-Operating Expenses,,F,D,,Month Count,,F,0,V,,L
KPI_Beginning Assets,S,T,"""1001:1999""",,,,,,,,,,,,,,,,
KPI_Ending Assets,E,T,"""Assets""",,,,,,,,,,,,,,,,
KPI_Excess Operating Cash,F,T,,,,,,Operating Cash,,F,S,15496770,,,F,0,V,,L
KPI_Medical Participation Rates,F,T,"""S112""",,,,,,,,,,,,,,,,
KPI_Return on Assets,F,T,,,,,,Change In Net Assets,,F,D,,KPI_Average Assets,,F,2,P,,L
KPI_Sum of Beg. & Ending Assets,F,T,,,,,,KPI_Beginning Assets,,F,A,,KPI_Ending Assets,,F,2,V,,L
KPI_Widespread ROI,F,T,"""S300""",,,,,,,,,,,,,,,,
Liabilities and net assets,F,T,"""Net Assets""",,,,,,,,,,,,,,,,
Liabilities and Net Assets,F,T,"""SOFP-Liabilities"",""SAGA-Net Assets""",,,,,,,,,,,,,,,,
Liabilities and Net Assets - Final,F,T,"""SOFP-Liabilities"",""SAGA-Net Assets""",,,,,,,,,,,,,,,,
Liabilities and Net Assets 958,F,T,"""Net Assets_958""",,,,,,,,,,,,,,,,
LIQ_Financial Assets,F,T,"""Cash and Cash Equivalents"",""Account Receivable, Net of Allowance"",""Investments""",,,,,,,,,,,,,,,,
LIQ_Financial Assets Available,F,T,"""LIQ_Financial Assets"",""LIQ_Less Amts Not Available""",,,,,,,,,,,,,,,,
LIQ_Less Amts Not Available,F,T,"""Net Assets_With Donor Restrictions"",""Net Assets_Board Designated""",,,,,,,,,,,,,,,,
LIQ_Satisfaction of Restrictions,F,T,"""Satisfaction of Restrictions"",""Revenues Released""",,,,,,,,,,,,,,,,
Loan Payable - Current,E,T,,"""Loans Payable - Current"",""Mortgage Loans - Short Term""",,,,,,,,,,,,,,,
Loans - Long Term,E,T,,"""Loans Payable - Long Term""",,,,,,,,,,,,,,,
Loans Receivable,E,T,,"""Loans Receivable""",,,,,,,,,,,,,,,
Long Term Investments,E,T,,"""Long Term Investments""",,,,,,,,,,,,,,,
Long Term Liabilities,F,T,"""Note Payable - Long Term"",""Bond Liabilities"",""Debts - Long Term"",""Other Long-term Liabilities""",,,,,,,,,,,,,,,,
Long-term Assets,F,T,"""Property & Equipment, Net"",""Other Long-term Assets"",""Notes Receivable""",,,,,,,,,,,,,,,,
Meal and Entertainment Expense,F,T,,"""Meal and Entertainment Expense""",,,,,,,,,,,,,,,
Member Benefit Expense,F,T,,"""Member Benefits Expense""",,,,,,,,,,,,,,,
Member Fees,F,T,,"""Member Fees Revenue""",,,,,,,,,,,,,,,
Membership Dues,F,T,,"""Member Fees Revenue""",,,,,,,,,,,,,,,
Miscellaneous Expense,F,T,,"""Miscellaneous Expense""",,,,,,,,,,,,,,,
Month Count,F,T,"""S108""",,,,,,,,,,,,,,,,
Mortgage Loans - Long Term,E,T,,"""Mortgage Loans - Long Term""",,,,,,,,,,,,,,,
Need to delete1,F,T,,"""Member Fees Revenue""",,,,,,,,,,,,,,,
Net Assets,F,T,"""Net Assets-R"",""Change In Net Assets""",,,,,,,,,,,,,,,,
Net Assets - Beginning,S,T,,"""Net Assets""",,,,,,,,,,,,,,,
Net Assets - Ending,F,T,"""Net Assets - Beginning"",""Change In Net Assets""",,,,,,,,,,,,,,,,
Net Assets 2,F,T,"""Net Assets""",,,,,,,,,,,,,,,,
Net Assets Test,F,T,"""Net Assets-R"",""Change In Net Assets""",,,,,,,,,,,,,,,,
Net Assets-R,E,T,,"""Net Assets""",,,,,,,,,,,,,,,
Net Assets_958,F,T,"""Net Assets_With Donor Restrictions"",""Net Assets_Without Donor Restrictions""",,,,,,,,,,,,,,,,
Net Assets_Board Designated,E,T,"""Net Assets""",,,,,,,,,,,,,,,,
Net Assets_Not Specified,E,T,"""Net Assets""",,,,,,,,,,,,,,,,
Net Assets_Perm,E,T,"""Net Assets""",,,,,,,,,,,,,,,,
Net Assets_Temp,E,T,"""Net Assets""",,,,,,,,,,,,,,,,
Net Assets_Unrestrict,E,T,"""Net Assets""",,,,,,,,,,,,,,,,
Net Assets_With Donor Restrictions,F,T,"""Net Assets_Temp"",""Net Assets_Perm""",,,,,,,,,,,,,,,,
Net Assets_Without Donor Restrictions,F,T,"""Net Assets_Board Designated"",""Net Assets_Unrestrict"",""Net Assets_Not Specified""",,,,,,,,,,,,,,,,
Net Surplus (Deficit),F,T,"""Revenues"",""Expenditures""",,,,,,,,,,,,,,,,
Non-Liquid NA,F,T,"""Gross land, buildings, and equipment"",""Intangible Assets"",""Mortgage Loans - Long Term"",""Loans - Long Term"",""Note Payable - Long Term""",,,,,,,,,,,,,,,,
Note Payable - Current,E,T,,"""Notes Payable - Current""",,,,,,,,,,,,,,,
Note Payable - Long Term,E,T,,"""Notes Payable - Long Term""",,,,,,,,,,,,,,,
Notes Receivable,E,T,,"""Notes Receivable""",,,,,,,,,,,,,,,
Occupancy,F,T,,"""Occupancy"",""Rent Expense""",,,,,,,,,,,,,,,
Occupancy Expense,F,T,,"""Occupancy"",""Rent Expense"",""Utility Expense""",,,,,,,,,,,,,,,
OE- Program Budget to Actuals,F,T,"""SOA-OE-Other Expense""",,,,,,,,,,,,,,,,
Office Supplies Expense,F,T,,"""Office Supplies Expense""",,,,,,,,,,,,,,,
Operating Cash,E,T,"""1002:1003""",,,,,,,,,,,,,,,,
Operating Expense,F,T,,,,,,,,,,,,,,,,,
Operating-Revenue,F,T,"""4000:4250""",,,,,,,,,,,,,,,,
Operating_Revenue,F,T,"""Federated Campaign Contributions"",""Fundraising Events Revenue"",""Grant Revenues"",""Program Revenue"",""Trust and Endowment Revenue"",""Investment Income"",""Contributions"",""Contributions In Kind"",""Member Fees"",""Revenue - Sales"",""Revenues Released"",""Revenue - Other"",""Revenue - Subscriptions"",""Revenue - Services"",""Revenue - Supports"",""Sales Returns and Discounts"",""Gaming Income"",""Rental Income"",""Royalties Income"",""Tuition Revenue""",,,,,,,,,,,,,,,,
Other Current Assets,E,T,,"""Other Current Assets""",,,,,,,,,,,,,,,
Other Current Assets Group,F,T,"""Other Current Assets"",""Employee Advances / Loans"",""Prepaid Expenses"",""Inventory"",""Intercompany Receivable"",""Deferred Tax Assets - Current""",,,,,,,,,,,,,,,,
Other Expenses,F,T,,"""Other Expenses""",,,,,,,,,,,,,,,
Other Grants and Contributions,F,T,,"""Grant Revenue - Other"",""Contributions"",""Contributions In Kind""",,,,,,,,,,,,,,,
Other Liabilities,F,T,"""Deferred Revenue - Long Term"",""Deferred Tax Liabilities - Long Term"",""Custodial Liabilities""",,,,,,,,,,,,,,,,
Other Long Term Assets,E,T,,"""Other Assets""",,,,,,,,,,,,,,,
Other Long Term Liabilities,E,T,,"""Other Long term Liabilities""",,,,,,,,,,,,,,,
Other Long-term Assets,F,T,"""Deposits and Prepayments"",""Escrows and Reserves"",""Deferred Tax Assets - Long Term"",""Other Long Term Assets""",,,,,,,,,,,,,,,,
Other Long-term Liabilities,F,T,"""Capital Leases - Long Term"",""Mortgage Loans - Long Term"",""Loans - Long Term"",""Other Long Term Liabilities""",,,,,,,,,,,,,,,,
Other Revenue all,F,T,,"""Gaming Income"",""Rental Income"",""Royalties Income"",""Revenue - Sales"",""Sales Returns and Discounts"",""Revenue - Other"",""Other Income"",""Satisfaction of Restrictions"",""Revenues Released"",""Gain/Loss on Sales of Fixed Assets"",""Realized Foreign Currency Exchange Gain/Loss"",""Unrealized Currency Gain/Loss [Income Statement]""",,,,,,,,,,,,,,,
Other Short-term Liabilities,E,T,,"""Other Short term liability""",,,,,,,,,,,,,,,
Other Short-term Liabilities - Group,F,T,"""Other Short-term Liabilities"",""Income Tax Payable"",""Sales & Used Tax Payable"",""Intercompany Payable"",""Loan Payable - Current"",""Capital Lease Obligation - Current"",""Debts - Current""",,,,,,,,,,,,,,,,
Patents and Trademarks,E,T,,"""Patents"",""Trademark"",""Copyrights""",,,,,,,,,,,,,,,
Patient to Clinician Ratio,F,T,,,,,,Patients,,E,D,,Clinicians,,E,2,R,,L
Patients,F,T,,"""Patients""",,,,,,,,,,,,,,,
Payments to Affiliates,F,T,,"""Payments to Affiliates""",,,,,,,,,,,,,,,
Payroll and Related Expense,F,T,,,,,,,,,,,,,,,,,
Payroll Expense,F,T,,"""Payroll Expense""",,,,,,,,,,,,,,,
Payroll Taxes,F,T,,"""Payroll Taxes""",,,,,,,,,,,,,,,
Payroll to Operating Expense,F,T,,,,,,Staff and Fellow payroll cost,,F,D,,SOA-Operating Expenses,,F,2,P,,L
Personnel,F,T,"""Salary and Wages Expense"",""Bonus Expense"",""PR Benefits"",""PR Taxes""",,,,,,,,,,,,,,,,
Pledges Receivable,E,T,,"""Pledges Receivable""",,,,,,,,,,,,,,,
Postage and Delivery Expense,F,T,,"""Postage and Delivery Expense""",,,,,,,,,,,,,,,
PR Benefits,F,T,,"""Benefit Expense"",""Fringe""",,,,,,,,,,,,,,,
PR Taxes,F,T,,"""Payroll Expense"",""Payroll Taxes""",,,,,,,,,,,,,,,
Practice Operating Margin,F,T,,,,,,Revenues over Expenditures,,E,D,,Revenues,,E,2,V,,L
Prepaid Expenses,E,T,,"""Prepaid Expenses""",,,,,,,,,,,,,,,
Printing & Publications,F,T,,"""Printing and Publications Expense""",,,,,,,,,,,,,,,
Professional Fees,F,T,,"""Professional Services Expense"",""Management Fees Expense"",""Legal and Accounting Expense""",,,,,,,,,,,,,,,
Program CHA- ROI,F,T,,,,,,SOA- CHA ROI,,F,D,,SOA-Operating Expenses,,F,2,R,,L
Program CHI - ROI,F,T,,,,,,SOA- CHI ROI,,F,D,,SOA-Operating Expenses,,F,2,R,,L
Program DC -ROI,F,T,,,,,,SOA- DC ROI,,F,D,,SOA-Operating Expenses,,F,2,R,,L
Program NYC- ROI,F,T,,,,,,SOA- NYC ROI,,F,D,,SOA-Operating Expenses,,F,2,R,,L
Program Revenue,F,T,,"""Program Revenue""",,,,,,,,,,,,,,,
Program Service Income,F,T,"""4030:4050""",,,,,,,,,,,,,,,,
Program Service Revenue all,F,T,"""Program Revenue"",""Tuition Revenue"",""Revenue - Services"",""Revenue - Subscriptions"",""Revenue - Supports""",,,,,,,,,,,,,,,,
Program Support & Supplies,F,T,"""6295:6920""",,,,,,,,,,,,,,,,
Projected Net Surplus (Loss),F,T,,,,,,,S999,F,S,,,S998,F,0,V,,L
"Property & Equipment, Net",E,T,,"""Fixed Assets"",""Accumulated Depreciation""",,,,,,,,,,,,,,,
RBN_Passage of Time Restrictions,F,T,"""Net Assets_Temp"",""Net Assets_Perm""",,,,,,,,,,,,,,,,
RBN_Specific Purpose Restrictions,F,T,"""Net Assets_Temp"",""Net Assets_Perm""",,,,,,,,,,,,,,,,
Rental Income,F,T,,"""Rental Income""",,,,,,,,,,,,,,,
Repairs and Maintenance Expense,F,T,,"""Repairs and Maintenance Expense""",,,,,,,,,,,,,,,
Residents,F,T,,"""Residents""",,,,,,,,,,,,,,,
Revenue - Investments,F,T,,"""Dividend Income"",""Interest Income"",""Realized Gain/Loss on Investments"",""Unrealized Gain/Loss on Investments"",""Trust Revenue"",""Investment Income""",,,,,,,,,,,,,,,
Revenue - Other,F,T,,"""Unrealized Currency Gain/Loss [Income Statement]"",""Unrealized Gain/Loss on Investments"",""Realized Foreign Currency Exchange Gain/Loss"",""Realized Gain/Loss on Investments"",""Gain/Loss on Sales of Fixed Assets"",""Dividend Income"",""Interest Income"",""Revenue - Other"",""Other Income""",,,,,,,,,,,,,,,
Revenue - Sales,F,T,,"""Revenue - Sales""",,,,,,,,,,,,,,,
Revenue - Services,F,T,,"""Revenue - Services""",,,,,,,,,,,,,,,
Revenue - Subscriptions,F,T,,"""Revenue - Subscriptions""",,,,,,,,,,,,,,,
Revenue - Supports,F,T,,"""Revenue - Supports""",,,,,,,,,,,,,,,
Revenue per Bed Occupied,F,T,,,,,,Revenues,,E,D,,Beds Occupied,,E,2,V,,L
Revenue per Clinician,F,T,,,,,,Revenues,,E,D,,Clinicians,,E,2,V,,L
Revenue per Occupied Unit,F,T,,,,,,Revenues,,E,D,,Units Occupied,,E,2,V,,L
Revenues,F,T,"""Contributions all"",""Grant Revenues"",""Program Service Revenue all"",""Membership Dues"",""Investment Income all"",""Other Revenue all""",,,,,,,,,,,,,,,,
Revenues & Expenditures,F,T,"""Operating_Revenue"",""Expenditures""",,,,,,,,,,,,,,,,
Revenues over Expenditures,F,T,"""Revenues"",""Expenditures""",,,,,,,,,,,,,,,,
Revenues Released,F,T,,"""Revenues Released"",""Satisfaction of Restrictions""",,,,,,,,,,,,,,,
ROA,F,T,,,,,,SOA-Unrestricted Operating Revenue,,F,D,,SOFP-Assets,,F,2,V,,L
Royalties Expense,F,T,,"""Royalties Expense""",,,,,,,,,,,,,,,
Royalties Income,F,T,,"""Royalties Income""",,,,,,,,,,,,,,,
SAGA-Liabilities and Net Assets,F,T,"""SAGA-Net Assets""",,,,,,,,,,,,,,,,
SAGA-Net Assets,F,T,"""SAGA-Net Assets-Unrestricted"",""SAGA-Net Assets-Board Designated"",""SAGA-Net Assets-Restricted"",""Change In Net Assets""",,,,,,,,,,,,,,,,
SAGA-Net Assets-Board Designated,E,T,,"""Net Assets""",,,,,,,,,,,,,,,
SAGA-Net Assets-Restricted,E,T,,"""Net Assets""",,,,,,,,,,,,,,,
SAGA-Net Assets-Unrestricted,E,T,,"""Net Assets""",,,,,,,,,,,,,,,
Salary and Wages Expense,F,T,,"""Salary and Wage Expense"",""Compensation of Officers, Directors and Trustees"",""Commission Expense""",,,,,,,,,,,,,,,
Sales & Used Tax Payable,E,T,,"""Sales and Use Tax Payable""",,,,,,,,,,,,,,,
Sales Returns and Discounts,F,T,,"""Sales Returns and Discounts""",,,,,,,,,,,,,,,
Satisfaction of Restrictions,F,T,,"""Satisfaction of Restrictions""",,,,,,,,,,,,,,,
Short Term Investments,E,T,,"""Short-Term Investments""",,,,,,,,,,,,,,,
Short-term Liabilities,F,T,"""Accounts Payable"",""Accrued Liabilities"",""Accrued Taxes"",""Deferred Revenue"",""Note Payable - Current"",""Withholding Tax Payable"",""Other Short-term Liabilities - Group""",,,,,,,,,,,,,,,,
SOA- CHA ROI,F,T,,,,,,SOA-Unrestricted Operating Revenue,,F,S,,SOA-Operating Expenses,,F,0,V,,L
SOA- CHI ROI,F,T,,,,,,SOA-Unrestricted Operating Revenue,,F,S,,SOA-Operating Expenses,,F,0,V,,L
SOA- DC ROI,F,T,,,,,,SOA-Unrestricted Operating Revenue,,F,S,,SOA-Operating Expenses,,F,0,V,,L
SOA- NYC ROI,F,T,,,,,,SOA-Unrestricted Operating Revenue,,F,S,,SOA-Operating Expenses,,F,0,V,,L
SOA-FellowSD- AmeriCorps FICA & Benefits,F,T,"""6210"",""6240:6294""",,,,,,,,,,,,,,,,
SOA-FellowSD-AmeriCorps Fellow Stipends,F,T,"""6200:6209"",""6211:6239""",,,,,,,,,,,,,,,,
SOA-OE- Fellow Stipends and Benefits,F,T,"""SOA-FellowSD-AmeriCorps Fellow Stipends"",""SOA-FellowSD- AmeriCorps FICA & Benefits""",,,,,,,,,,,,,,,,
SOA-OE- Payroll and Related,F,T,"""SOA-PR-Salaries and Wages"",""SOA-PR-Payroll Taxes and Fringe Benefits""",,,,,,,,,,,,,,,,
SOA-OE-Consultant and Contracted Services,F,T,"""6300:6359""",,,,,,,,,,,,,,,,
SOA-OE-Digital Marketing & Advertising,F,T,"""6756:6759""",,,,,,,,,,,,,,,,
SOA-OE-Indirect OH,F,T,"""6900:6920""",,,,,,,,,,,,,,,,
"SOA-OE-Insurance, Bank, and Filing Fees",F,T,"""6840:6849"",""6380:6389"",""6600:6659"",""6160:6169""",,,,,,,,,,,,,,,,
SOA-OE-Other Expense,F,T,"""SOA-OE-Consultant and Contracted Services"",""SOA-OE-Program Support and Supplies"",""SOA-OE-Digital Marketing & Advertising"",""SOA-OE-Software, Subscriptions, and Hosting"",""SOA-OE-Payroll Fees and Background Checks"",""SOA-OE-Rent, Internet, and Utilities"",""SOA-OE-Travel"",""SOA-OE-Insurance, Bank, and Filing Fees"",""SOA-OE-Other Expenses"",""SOA-OE-Indirect OH""",,,,,,,,,,,,,,,,
SOA-OE-Other Expenses,F,T,"""6870:6879"",""6950:6959""",,,,,,,,,,,,,,,,
SOA-OE-Payroll Fees and Background Checks,F,T,"""6820:6829"",""6850:6859"",""6830:6839"",""6860:6869""",,,,,,,,,,,,,,,,
SOA-OE-Program Support and Supplies,F,T,"""6295:6299"",""6370:6379"",""6430:6449"",""6500:6599"",""6720:6729"",""6740:6749"",""6755"",""6770:6799""",,,,,,,,,,,,,,,,
"SOA-OE-Rent, Internet, and Utilities",F,T,"""6400:6429"",""6450:6499"",""6800:6809""",,,,,,,,,,,,,,,,
"SOA-OE-Software, Subscriptions, and Hosting",F,T,"""6360:6362""",,,,,,,,,,,,,,,,
SOA-OE-Travel,F,T,"""6700:6719"",""6730:6739"",""6750:6754"",""6760:6769"",""6810:6819""",,,,,,,,,,,,,,,,
SOA-Operating Exp- Academics,F,T,"""SOA-OE- Payroll and Related"",""SOA-OE- Fellow Stipends and Benefits"",""SOA-OE-Other Expense""",,,,,,,,,,,,,,,,
SOA-Operating Expenses,F,T,"""SOA-OE- Payroll and Related"",""SOA-OE- Fellow Stipends and Benefits"",""SOA-OE-Other Expense""",,,,,,,,,,,,,,,,
SOA-Operating Expenses - CHA,F,T,"""SOA-OE- Payroll and Related"",""SOA-OE- Fellow Stipends and Benefits"",""SOA-OE-Other Expense""",,,,,,,,,,,,,,,,
SOA-Operating Expenses - CHI,F,T,"""SOA-OE- Payroll and Related"",""SOA-OE- Fellow Stipends and Benefits"",""SOA-OE-Other Expense""",,,,,,,,,,,,,,,,
SOA-Operating Expenses - DC,F,T,"""SOA-OE- Payroll and Related"",""SOA-OE- Fellow Stipends and Benefits"",""SOA-OE-Other Expense""",,,,,,,,,,,,,,,,
SOA-Operating Expenses - NAT,F,T,"""SOA-OE- Payroll and Related"",""SOA-OE- Fellow Stipends and Benefits"",""SOA-OE-Other Expense""",,,,,,,,,,,,,,,,
SOA-Operating Expenses - NYC,F,T,"""SOA-OE- Payroll and Related"",""SOA-OE- Fellow Stipends and Benefits"",""SOA-OE-Other Expense""",,,,,,,,,,,,,,,,
SOA-PR-Payroll Taxes and Fringe Benefits,F,T,"""6150:6159"",""6170:6199""",,,,,,,,,,,,,,,,
SOA-PR-Salaries and Wages,F,T,"""6100:6149""",,,,,,,,,,,,,,,,
SOA-Unrestricted Operating Revenue,F,T,"""SOA-UOR-Unrestricted Operating Revenue"",""SOA-UOR-Net Assets Released from Restriction""",,,,,,,,,,,,,,,,
SOA-UOR-Federal Grants,F,T,"""4100:4199""",,,,,,,,,,,,,,,,
SOA-UOR-Grants and Contributions,F,T,"""4010:4029""",,,,,,,,,,,,,,,,
SOA-UOR-Individual Giving,F,T,"""4000:4009""",,,,,,,,,,,,,,,,
SOA-UOR-Interest and Other,F,T,"""4200:4301"",""4350:4999""",,,,,,,,,,,,,,,,
SOA-UOR-Net Assets Released from Restriction,F,T,"""4302:4349""",,,,,,,,,,,,,,,,
SOA-UOR-Program and Service Income,F,T,"""4030:4099""",,,,,,,,,,,,,,,,
SOA-UOR-Unrestricted Operating Revenue,F,T,"""SOA-UOR-Grants and Contributions"",""SOA-UOR-Program and Service Income"",""SOA-UOR-Federal Grants"",""SOA-UOR-Interest and Other"",""SOA-UOR-Individual Giving""",,,,,,,,,,,,,,,,
SOFP-Assets,F,T,"""SOFP-Current Assets"",""SOFP-Long-Term Assets""",,,,,,,,,,,,,,,,
SOFP-CA-Cash and Cash Equivalents,E,T,"""1001:1099"",""1101:1199""",,,,,,,,,,,,,,,,
SOFP-CA-Funds Held for Others,E,T,"""1100""",,,,,,,,,,,,,,,,
SOFP-CA-Grants and Contributions Receivables,E,T,"""1200:1209"",""1211:1399""",,,,,,,,,,,,,,,,
SOFP-CA-Investments,E,T,"""1500:1599""",,,,,,,,,,,,,,,,
SOFP-CA-Prepaid Expenses and Other Current Assets,E,T,"""1210:1299"",""1400:1499""",,,,,,,,,,,,,,,,
SOFP-CL-Accounts Payable and Accrued Expenses,E,T,"""2000"",""2001"",""2020"",""2030"",""2031"",""2032"",""2040"",""2060"",""2201"",""2400"",""2451"",""2450"",""2455"",""2452""",,,,,,,,,,,,,,,,
SOFP-CL-Accrued Wage and Other Related Expenses,E,T,"""2050"",""2070"",""2100"",""2200"",""2300"",""2350""",,,,,,,,,,,,,,,,
SOFP-CL-Funds Held for Others,E,T,"""2600:2999""",,,,,,,,,,,,,,,,
SOFP-Current Assets,F,T,"""SOFP-CA-Cash and Cash Equivalents"",""SOFP-CA-Grants and Contributions Receivables"",""SOFP-CA-Prepaid Expenses and Other Current Assets"",""SOFP-CA-Investments"",""SOFP-CA-Funds Held for Others""",,,,,,,,,,,,,,,,
SOFP-Current Liabilities,F,T,"""SOFP-CL-Accounts Payable and Accrued Expenses"",""SOFP-CL-Accrued Wage and Other Related Expenses"",""SOFP-CL-Funds Held for Others""",,,,,,,,,,,,,,,,
SOFP-Liabilities,F,T,"""SOFP-Current Liabilities"",""SOFP-Long-Term Liabilities""",,,,,,,,,,,,,,,,
SOFP-Long-Term Assets,F,T,"""SOFP-LTA-Security Deposit"",""SOFP-LTA-Long-term Grants Receivable"",""SOFP-LTA-Property and Equipment, Net of Accumulated Depreciation""",,,,,,,,,,,,,,,,
SOFP-Long-Term Liabilities,F,T,"""SOFP-LTL-Line of Credit, Loan""",,,,,,,,,,,,,,,,
SOFP-LTA-Long-term Grants Receivable,E,T,"""1700:1799""",,,,,,,,,,,,,,,,
"SOFP-LTA-Property and Equipment, Net of Accumulated Depreciation",E,T,"""1800:1810""",,,,,,,,,,,,,,,,
SOFP-LTA-Security Deposit,E,T,"""1600:1699""",,,,,,,,,,,,,,,,
"SOFP-LTL-Line of Credit, Loan",E,T,"""2500:2599""",,,,,,,,,,,,,,,,
SOFP-NA-Board Designated,E,T,"""3525:3999""",,,,,,,,,,,,,,,,
SOFP-NA-Net Assets,E,T,"""3000:3524""",,,,,,,,,,,,,,,,
Staff and Fellow payroll cost,F,T,,,,,,SOA-OE- Payroll and Related,,F,A,,SOA-OE- Fellow Stipends and Benefits,,F,2,V,,L
Staff Compensation (Direct),F,T,"""6100"",""6150"",""6160"",""6170"",""6175"",""6185""",,,,,,,,,,,,,,,,
State and Local Tax,F,T,,"""State and Local Tax""",,,,,,,,,,,,,,,
Student Count,E,T,"""S100""",,,,,,,,,,,,,,,,
Taxes,F,T,,"""Taxes""",,,,,,,,,,,,,,,
Telecommunication Expense,F,T,,"""Telecommunication Expense""",,,,,,,,,,,,,,,
Telephone,F,T,,"""Telephone""",,,,,,,,,,,,,,,
Total,F,T,"""Assets""",,,,,,,,,,,,,,,,
Total revenue,F,T,"""4000:4200""",,,,,,,,,,,,,,,,
Travel Expense,F,T,,"""Travel Expense""",,,,,,,,,,,,,,,
Travel Expense for Public Officials,F,T,,"""Travel Expense for Public Officials""",,,,,,,,,,,,,,,
Trust and Endowment Revenue,F,T,,"""Trust Revenue"",""Endowment Revenue""",,,,,,,,,,,,,,,
Tuition Revenue,F,T,,"""Tuition Revenue""",,,,,,,,,,,,,,,
Units Available,F,T,,"""Units Available""",,,,,,,,,,,,,,,
Units Occupied,F,T,,"""Units Occupied""",,,,,,,,,,,,,,,
Unrestricted Liquid Net Assets,F,T,,,,,,Unrestricted Net Assets,,E,S,,Non-Liquid NA,,E,0,V,,L
Unrestricted Net Assets,F,T,"""Net Assets""",,,,,,,,,,,,,,,,
Utility Expense,F,T,,"""Utility Expense""",,,,,,,,,,,,,,,
Withholding Tax,F,T,,"""Withholding Tax NOT RECOMMENDED""",,,,,,,,,,,,,,,
Withholding Tax Payable,E,T,,"""Withholding Tax Payable""",,,,,,,,,,,,,,,
Working Capital,F,T,,,,,,SOFP-Current Assets,,F,S,,SOFP-Current Liabilities,,F,2,V,,L
zz - CHA,F,T,,,,,,AC Allocation,,F,D,,Cost per City,,F,2,P,,L
zz - CHI,F,T,,,,,,AC Allocation,,F,D,,Cost per City,,F,2,V,,L
zz - DC,F,T,,,,,,AC Allocation,,F,D,,Cost per City,,F,2,V,,L
zz - NY,F,T,,,,,,AC Allocation,,F,D,,Cost per City,,F,2,V,,L
zz - PVD,F,T,,,,,,AC Allocation,,F,D,,Cost per City,,F,2,V,,L
